,Rk,Player,Tm,FantPos,Age,Games,GS,PassCmp,PassAtt,PassYds,PassTD,Int,RushAtt,RushYds,RushAvgYds,RushTD,Tgt,Rec,RecYds,RecAvgYds,RecTD,Fmb,FL,TotalTD,2PM,2PP,FantPt,PPR,DKPt,FDPt,VBD,PosRank,OvRank
0,1,['Todd Gurley'],LAR,RB,24,14,14,0,0,0,0,0,256,1251,4.89,17,81,59,580,9.83,4,1,1,21,3.0,,313.0,372.1,379.1,342.6,178.0,1,1.0
1,2,['Saquon Barkley'],NYG,RB,21,16,16,0,0,0,0,0,261,1307,5.01,11,121,91,721,7.92,4,0,0,15,1.0,,295.0,385.8,391.8,340.3,159.0,2,2.0
2,3,"['Christian McCaffrey', 'McCaCh01']",CAR,RB,22,16,16,1,1,50,1,0,219,1098,5.01,7,124,107,867,8.1,6,4,1,13,,,279.0,385.5,392.5,332.0,143.0,3,3.0
3,4,['Alvin Kamara'],NOR,RB,23,15,13,0,0,0,0,0,194,883,4.55,14,105,81,709,8.75,4,1,0,18,3.0,,273.0,354.2,360.2,313.7,138.0,4,4.0
4,5,['Patrick Mahomes'],KAN,QB,23,16,16,383,580,5097,50,12,60,272,4.53,2,0,0,0,,0,9,2,2,1.0,,417.0,417.1,437.1,429.1,134.0,1,5.0
5,6,['Tyreek Hill'],KAN,WR,24,16,16,0,0,0,0,0,22,151,6.86,1,137,87,1479,17.0,12,0,0,14,,,247.0,334.0,340.0,290.5,131.0,1,6.0
6,7,['Ezekiel Elliott'],DAL,RB,23,15,15,0,0,0,0,0,304,1434,4.72,6,95,77,567,7.36,3,6,1,9,,,252.0,329.1,336.1,290.6,117.0,5,7.0
7,8,['Travis Kelce'],KAN,TE,29,16,16,0,0,0,0,0,0,0,,0,150,103,1336,12.97,10,2,1,10,,,192.0,294.6,298.6,243.1,109.0,1,8.0
8,9,['Antonio Brown'],PIT,WR,30,15,15,0,1,0,0,0,0,0,,0,168,104,1297,12.47,15,0,0,15,,,220.0,323.7,326.7,271.7,103.0,2,9.0
9,10,['Davante Adams'],GNB,WR,26,15,15,0,0,0,0,0,0,0,,0,169,111,1386,12.49,13,0,0,13,1.0,,219.0,329.6,332.6,274.1,102.0,3,10.0
10,11,['DeAndre Hopkins'],HOU,WR,26,16,16,0,1,0,0,0,1,-7,-7.0,0,163,115,1572,13.67,11,2,2,11,,,219.0,333.5,338.5,276.0,102.0,4,11.0
11,12,['Julio Jones'],ATL,WR,29,16,16,0,0,0,0,0,2,12,6.0,0,170,113,1677,14.84,8,2,2,8,,,213.0,325.9,330.9,269.4,97.0,5,12.0
12,13,['Melvin Gordon'],LAC,RB,25,12,12,0,0,0,0,0,175,885,5.06,10,66,50,490,9.8,4,1,0,14,2.0,,226.0,275.5,281.5,250.5,90.0,6,13.0
13,14,['James Conner'],PIT,RB,23,13,12,0,0,0,0,0,215,973,4.53,12,71,55,497,9.04,1,4,2,13,2.0,,225.0,280.0,288.0,252.5,90.0,7,14.0
14,15,['George Kittle'],SFO,TE,25,16,16,0,0,0,0,0,1,10,10.0,0,136,88,1377,15.65,5,0,0,5,1.0,,171.0,258.7,261.7,214.7,88.0,2,15.0
15,16,['Mike Evans'],TAM,WR,25,16,16,0,0,0,0,0,0,0,,0,138,86,1524,17.72,8,2,1,9,,,198.0,284.4,294.4,247.4,82.0,6,16.0
16,17,['Zach Ertz'],PHI,TE,28,16,16,0,0,0,0,0,0,0,,0,156,116,1163,10.03,8,1,0,8,,,164.0,280.3,283.3,222.3,81.0,3,17.0
17,18,['Adam Thielen'],MIN,WR,28,16,16,0,0,0,0,0,5,30,6.0,0,153,113,1373,12.15,9,1,1,9,1.0,,194.0,307.3,311.3,250.8,78.0,7,18.0
18,19,['Michael Thomas'],NOR,WR,25,16,16,0,0,0,0,0,0,0,,0,147,125,1405,11.24,9,2,2,9,,,191.0,315.5,320.5,253.0,74.0,8,19.0
19,20,['Eric Ebron'],IND,TE,25,16,8,0,1,0,0,0,3,-8,-2.67,1,110,66,750,11.36,13,1,1,14,,,156.0,222.2,226.2,189.2,73.0,4,20.0
20,21,"['Matt Ryan', 'RyanMa00']",ATL,QB,33,16,16,422,608,4924,35,7,33,125,3.79,3,1,1,5,5.0,1,10,5,4,,2.0,354.0,355.0,373.0,361.5,71.0,2,21.0
21,22,['JuJu Smith-Schuster'],PIT,WR,22,16,13,0,0,0,0,0,1,13,13.0,0,166,111,1426,12.85,7,1,1,7,1.0,,186.0,296.9,300.9,241.4,70.0,9,22.0
22,23,"['Kareem Hunt', 'HuntKa00']",KAN,RB,23,11,11,0,0,0,0,0,181,824,4.55,7,35,26,378,14.54,7,0,0,14,,,204.0,230.2,236.2,217.2,69.0,8,23.0
23,24,"['Joe Mixon', 'MixoJo00']",CIN,RB,22,14,13,0,0,0,0,0,237,1168,4.93,8,55,43,296,6.88,1,0,0,9,,,200.0,243.4,249.4,221.9,65.0,9,24.0
24,25,"['Robert Woods', 'WoodRo02']",LAR,WR,26,16,16,0,0,0,0,0,19,157,8.26,1,130,86,1219,14.17,6,0,0,7,,,180.0,265.6,271.6,222.6,63.0,10,25.0
25,26,"['David Johnson', 'JohnDa08']",ARI,RB,27,16,16,0,0,0,0,0,258,940,3.64,7,76,50,446,8.92,3,3,2,10,1.0,,197.0,246.6,254.6,221.6,61.0,10,26.0
26,27,"['Ben Roethlisberger', 'RoetBe00']",PIT,QB,36,16,16,452,675,5129,34,16,31,98,3.16,3,1,1,-1,-1.0,0,7,2,3,,4.0,341.0,341.9,362.9,357.4,58.0,3,27.0
27,28,"['James White', 'WhitJa02']",NWE,RB,26,16,3,0,0,0,0,0,94,425,4.52,5,123,87,751,8.63,7,0,0,12,,,190.0,276.6,282.6,233.1,54.0,11,28.0
28,29,['Phillip Lindsay'],DEN,RB,24,15,8,0,0,0,0,0,192,1037,5.4,9,47,35,241,6.89,1,0,0,10,,,188.0,222.8,228.8,205.3,52.0,12,29.0
29,30,"['Derrick Henry', 'HenrDe00']",TEN,RB,24,16,12,2,3,14,0,0,215,1059,4.93,12,18,15,99,6.6,0,1,1,12,,,186.0,201.4,205.4,193.9,51.0,13,30.0
30,31,['Deshaun Watson'],HOU,QB,23,16,16,345,505,4165,26,9,99,551,5.57,5,0,0,0,,0,9,3,5,,,332.0,331.7,349.7,340.7,49.0,4,31.0
31,32,"['Tyler Lockett', 'LockTy00']",SEA,WR,26,16,14,0,0,0,0,0,13,69,5.31,0,70,57,965,16.93,10,2,0,10,1.0,,165.0,222.4,225.4,193.9,49.0,11,32.0
32,33,"['Stefon Diggs', 'DiggSt00']",MIN,WR,25,15,14,0,0,0,0,0,10,62,6.2,0,149,102,1021,10.01,9,0,0,9,1.0,,164.0,266.3,269.3,215.3,48.0,12,33.0
33,34,"['Brandin Cooks', 'CookBr00']",LAR,WR,25,16,16,0,0,0,0,0,10,68,6.8,1,117,80,1204,15.05,5,1,0,6,,,163.0,243.2,246.2,203.2,47.0,13,34.0
34,35,['Keenan Allen'],LAC,WR,26,16,14,0,0,0,0,0,9,75,8.33,0,136,97,1196,12.33,6,3,1,6,1.0,,163.0,260.1,264.1,211.6,47.0,14,35.0
35,36,"['T.Y. Hilton', 'HiltT.00']",IND,WR,29,14,14,0,0,0,0,0,0,0,,0,120,76,1270,16.71,6,0,0,6,,,163.0,239.0,242.0,201.0,47.0,15,36.0
36,37,"['Chris Carson', 'CarsCh00']",SEA,RB,24,14,14,0,0,0,0,0,247,1151,4.66,9,24,20,163,8.15,0,3,2,9,,,181.0,201.4,209.4,191.4,46.0,14,37.0
37,38,['Andrew Luck'],IND,QB,29,16,16,430,639,4593,39,15,46,148,3.22,0,2,1,4,4.0,0,6,1,0,,2.0,327.0,327.9,349.9,342.4,44.0,5,38.0
38,39,['Jared Cook'],OAK,TE,31,16,14,0,0,0,0,0,0,0,,0,101,68,896,13.18,6,0,0,6,,,126.0,193.6,196.6,159.6,43.0,5,39.0
39,40,"['Nick Chubb', 'ChubNi00']",CLE,RB,23,16,9,0,0,0,0,0,192,996,5.19,8,29,20,149,7.45,2,0,0,10,,,175.0,194.5,200.5,184.5,39.0,15,40.0
40,41,"['Odell Beckham', 'BeckOd00']",NYG,WR,26,12,12,2,2,106,2,0,5,19,3.8,0,124,77,1052,13.66,6,2,1,6,,,153.0,230.3,234.3,191.8,37.0,16,41.0
41,42,"['Adrian Peterson', 'PeteAd01']",WAS,RB,33,16,16,0,0,0,0,0,251,1042,4.15,7,26,20,208,10.4,1,3,2,8,,,169.0,189.0,197.0,179.0,34.0,16,42.0
42,43,['Aaron Rodgers'],GNB,QB,35,16,16,372,597,4442,25,2,43,269,6.26,2,0,0,0,,0,6,3,2,1.0,2.0,313.0,312.6,323.6,314.6,30.0,6,43.0
43,44,"['Tyler Boyd', 'BoydTy00']",CIN,WR,24,14,14,0,1,0,0,0,2,3,1.5,0,108,76,1028,13.53,7,0,0,7,,,145.0,221.1,224.1,183.1,29.0,17,44.0
44,45,['Jared Goff'],LAR,QB,24,16,16,364,561,4688,32,12,43,108,2.51,2,0,0,0,,0,12,5,3,,3.0,310.0,310.3,339.3,328.3,28.0,7,45.0
45,46,['Tarik Cohen'],CHI,RB,23,16,7,1,1,1,1,0,99,444,4.48,3,91,71,725,10.21,5,7,3,8,,,163.0,233.9,242.9,198.4,27.0,17,46.0
46,47,"['Calvin Ridley', 'RidlCa00']",ATL,WR,24,16,5,0,0,0,0,0,6,27,4.5,0,92,64,821,12.83,10,2,1,10,,,143.0,206.8,210.8,174.8,26.0,18,47.0
47,48,"['Tevin Coleman', 'ColeTe01']",ATL,RB,25,16,14,0,0,0,0,0,167,800,4.79,4,44,32,276,8.63,5,2,0,9,,,162.0,193.6,199.6,177.6,26.0,18,48.0
48,49,"['Marlon Mack', 'MackMa00']",IND,RB,22,12,10,0,0,0,0,0,195,908,4.66,9,26,17,103,6.06,1,2,2,10,2.0,,161.0,178.1,186.1,169.6,26.0,19,49.0
49,50,"['Jordan Howard', 'HowaJo00']",CHI,RB,24,16,15,0,0,0,0,0,250,935,3.74,9,26,20,145,7.25,0,2,1,9,,,160.0,180.0,187.0,170.0,25.0,20,50.0
50,51,['Amari Cooper'],2TM,WR,24,15,15,0,0,0,0,0,2,20,10.0,0,107,75,1005,13.4,7,2,2,7,,,141.0,215.5,220.5,178.0,24.0,19,51.0
51,52,['Drew Brees'],NOR,QB,39,15,15,364,489,3992,32,5,31,22,0.71,4,1,1,1,1.0,0,5,1,4,,1.0,304.0,305.0,314.0,309.5,21.0,8,52.0
52,53,"['Mike Williams', 'WillMi07']",LAC,WR,24,16,5,0,0,0,0,0,7,28,4.0,1,66,43,664,15.44,10,0,0,11,1.0,,137.0,180.2,183.2,158.7,21.0,20,53.0
53,54,"['Kenny Golladay', 'GollKe00']",DET,WR,25,15,13,0,0,0,0,0,1,8,8.0,0,119,70,1063,15.19,5,1,0,5,,,137.0,207.1,210.1,172.1,21.0,21,54.0
54,55,['Jarvis Landry'],CLE,WR,26,16,14,1,2,63,0,0,3,60,20.0,1,149,81,976,12.05,4,1,1,5,,1.0,136.0,217.1,221.1,176.6,20.0,22,55.0
55,56,"['Kenyan Drake', 'DrakKe00']",MIA,RB,24,16,7,0,0,0,0,0,120,535,4.46,4,73,53,477,9.0,5,2,1,9,,,153.0,206.2,213.2,179.7,18.0,21,56.0
56,57,"['Julian Edelman', 'EdelJu00']",NWE,WR,32,12,12,2,2,43,0,0,9,107,11.89,0,108,74,850,11.49,6,1,0,6,,,133.0,207.4,213.4,170.4,17.0,23,57.0
57,58,['Russell Wilson'],SEA,QB,30,16,16,280,427,3448,35,7,67,376,5.61,0,1,1,-11,-11.0,0,10,2,0,,1.0,298.0,299.4,314.4,305.9,16.0,9,58.0
58,59,['Lamar Miller'],HOU,RB,27,14,14,0,0,0,0,0,210,973,4.63,5,35,25,163,6.52,1,1,1,6,,,148.0,172.6,179.6,160.1,12.0,22,59.0
59,60,"['Emmanuel Sanders', 'SandEm00']",DEN,WR,31,12,12,1,1,28,1,0,4,53,13.25,1,98,71,868,12.23,4,1,0,5,,,127.0,198.2,201.2,162.7,11.0,24,60.0
60,61,"['Trey Burton', 'BurtTr01']",CHI,TE,27,16,16,0,0,0,0,0,1,2,2.0,0,76,54,569,10.54,6,1,1,6,1.0,,93.0,147.1,151.1,120.1,10.0,6,61.0
61,62,"['Aaron Jones', 'JoneAa00']",GNB,RB,24,12,8,0,0,0,0,0,133,728,5.47,8,35,26,206,7.92,1,1,1,9,,,145.0,171.4,178.4,158.4,10.0,23,62.0
62,63,"['Chris Godwin', 'GodwCh00']",TAM,WR,22,16,5,0,0,0,0,0,0,0,,0,95,59,842,14.27,7,4,1,7,1.0,,126.0,185.2,189.2,155.7,10.0,25,63.0
63,64,['Austin Hooper'],ATL,TE,24,16,7,0,0,0,0,0,0,0,,0,88,71,660,9.3,4,0,0,4,1.0,,92.0,163.0,166.0,127.5,9.0,7,64.0
64,65,"['David Njoku', 'NjokDa00']",CLE,TE,22,16,14,0,0,0,0,0,0,0,,0,88,56,639,11.41,4,0,0,4,,,88.0,143.9,146.9,115.9,5.0,8,65.0
65,66,"['Kyle Rudolph', 'RudoKy00']",MIN,TE,29,16,16,0,0,0,0,0,0,0,,0,82,64,634,9.91,4,0,0,4,,,87.0,151.4,154.4,119.4,4.0,9,66.0
66,67,"['Alshon Jeffery', 'JeffAl00']",PHI,WR,28,13,13,0,0,0,0,0,0,0,,0,92,65,843,12.97,6,1,0,6,,,120.0,185.3,188.3,152.8,4.0,26,67.0
67,68,"['O.J. Howard', 'HowaO.00']",TAM,TE,24,10,8,0,0,0,0,0,0,0,,0,48,34,565,16.62,5,0,0,5,,,87.0,120.5,123.5,103.5,4.0,10,68.0
68,69,['Dak Prescott'],DAL,QB,25,16,16,356,526,3885,22,8,75,305,4.07,6,1,0,0,,0,12,6,6,1.0,1.0,286.0,285.9,305.9,293.9,3.0,10,69.0
69,70,['Philip Rivers'],LAC,QB,37,16,16,347,508,4308,32,12,18,7,0.39,0,0,0,0,,0,2,1,0,,5.0,285.0,285.0,301.0,297.0,2.0,11,70.0
70,71,"['Corey Davis', 'DaviCo03']",TEN,WR,23,16,16,0,0,0,0,0,6,55,9.17,0,112,65,891,13.71,4,1,0,4,,,119.0,183.6,186.6,151.1,2.0,27,71.0
71,72,"['Rob Gronkowski', 'GronRo00']",NWE,TE,29,13,11,0,0,0,0,0,0,0,,0,72,47,682,14.51,3,1,1,3,,,84.0,131.2,135.2,107.7,1.0,11,72.0
72,73,"['Larry Fitzgerald', 'FitzLa00']",ARI,WR,35,16,16,1,1,32,1,0,0,0,,0,112,69,734,10.64,6,0,0,6,1.0,,117.0,185.7,188.7,151.2,,28,73.0
73,74,"['Sterling Shepard', 'ShepSt00']",NYG,WR,25,16,16,0,0,0,0,0,3,33,11.0,0,107,66,872,13.21,4,1,0,4,1.0,,117.0,182.5,185.5,149.5,,29,74.0
74,75,"['Mohamed Sanu', 'SanuMo00']",ATL,WR,29,16,16,1,2,5,1,0,7,44,6.29,0,94,66,838,12.7,4,2,1,4,1.0,,116.0,182.4,186.4,149.4,,30,75.0
75,76,"['Matt Breida', 'BreiMa00']",SFO,RB,23,14,13,0,0,0,0,0,153,814,5.32,3,31,27,261,9.67,2,1,1,5,,,136.0,162.5,169.5,149.0,,24,76.0
76,77,"['Shane Smith', 'SmitSh02']",NYG,,25,2,0,0,0,0,0,0,0,0,,0,0,0,0,,0,0,0,0,,,,,,,,1,77.0
77,78,"['Vance McDonald', 'McDoVa00']",PIT,TE,28,15,14,0,0,0,0,0,0,0,,0,72,50,610,12.2,4,2,1,4,,,83.0,133.0,137.0,108.0,,12,78.0
78,79,"['Cam Newton', 'NewtCa00']",CAR,QB,29,14,14,320,471,3395,24,13,101,488,4.83,4,0,0,0,,0,6,0,4,,2.0,283.0,282.6,301.6,295.6,,12,
79,80,"['Kirk Cousins', 'CousKi00']",MIN,QB,30,16,16,425,606,4298,30,10,44,123,2.8,1,1,1,-1,-1.0,0,9,7,1,,3.0,282.0,283.1,306.1,292.6,,13,
80,81,['Tom Brady'],NWE,QB,41,16,16,375,570,4355,29,11,23,35,1.52,2,1,1,6,6.0,0,4,2,2,,,280.0,281.3,297.3,291.8,,14,
81,82,['Mitchell Trubisky'],CHI,QB,24,14,14,289,434,3223,24,12,68,421,6.19,3,0,0,0,,0,6,3,3,,4.0,263.0,263.0,284.0,275.0,,15,
82,83,"['Eli Manning', 'MannEl00']",NYG,QB,37,16,16,380,576,4299,21,11,15,20,1.33,1,0,0,0,,0,7,4,1,,3.0,240.0,240.0,258.0,251.0,,17,
83,84,"['Baker Mayfield', 'MayfBa00']",CLE,QB,23,14,13,310,486,3725,27,14,39,131,3.36,0,1,0,0,,0,7,3,0,1.0,1.0,240.0,240.1,263.1,254.1,,16,
84,85,"['Derek Carr', 'CarrDe02']",OAK,QB,27,16,16,381,553,4049,19,10,24,47,1.96,1,1,1,-9,-9.0,0,12,7,1,,1.0,216.0,216.8,236.8,226.3,,18,
85,86,"['Case Keenum', 'KeenCa00']",DEN,QB,30,16,16,365,586,3890,18,15,26,93,3.58,2,0,0,0,,0,11,2,2,,,215.0,214.9,234.9,229.9,,19,
86,87,"['Matthew Stafford', 'StafMa00']",DET,QB,30,16,16,367,555,3777,21,11,25,71,2.84,0,0,0,0,,0,6,4,0,,,212.0,212.2,230.2,223.2,,20,
87,88,"['Josh Allen', 'AlleJo02']",BUF,QB,22,12,11,169,320,2074,10,12,89,631,7.09,8,1,0,0,,0,8,2,8,,1.0,208.0,208.1,228.1,220.1,,21,
88,89,"['Jameis Winston', 'WinsJa00']",TAM,QB,24,11,9,244,378,2992,19,14,49,281,5.73,1,0,0,0,,0,7,3,1,,,196.0,195.8,218.8,209.8,,22,
89,90,"['Carson Wentz', 'WentCa00']",PHI,QB,26,11,11,279,401,3074,21,7,34,93,2.74,0,1,1,4,4.0,0,9,6,0,,1.0,193.0,193.7,209.7,200.2,,23,
90,91,"['Andy Dalton', 'DaltAn00']",CIN,QB,31,11,11,226,365,2566,21,11,16,99,6.19,0,0,0,0,,0,1,0,0,,,175.0,174.5,188.5,185.5,,25,
91,92,"['Marcus Mariota', 'MariMa01']",TEN,QB,25,14,13,228,331,2528,11,8,64,357,5.58,2,1,1,21,21.0,0,9,2,2,,,175.0,175.9,191.9,183.4,,24,
92,93,"['Blake Bortles', 'BortBl00']",JAX,QB,26,13,12,243,403,2718,13,11,58,365,6.29,1,0,0,0,,0,8,4,1,,,173.0,173.2,194.2,184.2,,26,
93,94,"['Sam Darnold', 'DarnSa00']",NYJ,QB,21,13,13,239,414,2865,17,15,44,138,3.14,1,0,0,0,,0,5,2,1,,,168.0,168.4,191.4,183.4,,27,
94,95,"['Ryan Fitzpatrick', 'FitzRy00']",TAM,QB,36,8,7,164,246,2366,17,12,36,152,4.22,2,0,0,0,,0,4,1,2,,1.0,166.0,165.8,184.8,177.8,,28,
95,96,"['Lamar Jackson', 'JackLa00']",BAL,QB,21,16,7,99,170,1201,6,3,147,695,4.73,5,2,0,0,,0,12,4,5,,,158.0,157.5,170.5,160.5,,29,
96,97,"['Ryan Tannehill', 'TannRy00']",MIA,QB,30,11,11,176,274,1979,17,9,32,145,4.53,0,1,1,3,3.0,1,5,4,1,,,142.0,143.0,162.0,151.5,,30,
97,98,"['Alex Smith', 'SmitAl03']",WAS,QB,34,10,10,205,328,2180,10,5,41,168,4.1,1,0,0,0,,0,6,1,1,,,138.0,138.0,150.0,143.0,,31,
98,99,"['Joe Flacco', 'FlacJo00']",BAL,QB,33,9,9,232,379,2465,12,6,19,45,2.37,0,0,0,0,,0,3,1,0,,,137.0,137.1,147.1,143.1,,32,
99,100,"['Sony Michel', 'MichSo00']",NWE,RB,23,13,8,0,0,0,0,0,209,931,4.45,6,11,7,50,7.14,0,1,1,6,,,132.0,139.1,143.1,135.6,,25,
100,101,"['Peyton Barber', 'BarbPe01']",TAM,RB,24,16,16,0,0,0,0,0,234,871,3.72,5,29,20,92,4.6,1,1,1,6,,,130.0,150.3,154.3,140.3,,26,
101,102,"['Austin Ekeler', 'EkelAu00']",LAC,RB,23,14,3,0,0,0,0,0,106,554,5.23,3,53,39,404,10.36,3,1,1,6,,,130.0,168.8,175.8,149.3,,27,
102,103,"['Nick Mullens', 'MullNi00']",SFO,QB,23,8,8,176,274,2277,13,10,18,-16,-0.89,0,0,0,0,,0,2,0,0,,1.0,123.0,123.5,136.5,133.5,,33,
103,104,"['Mark Ingram', 'IngrMa01']",NOR,RB,29,12,6,0,0,0,0,0,138,645,4.67,6,27,21,170,8.1,1,3,1,7,,,122.0,142.5,149.5,132.0,,28,
104,105,"['Isaiah Crowell', 'CrowIs00']",NYJ,RB,25,13,6,0,0,0,0,0,143,685,4.79,6,28,21,152,7.24,0,0,0,6,,,120.0,140.7,146.7,130.2,,29,
105,106,"['T.J. Yeldon', 'YeldT.00']",JAX,RB,25,14,5,0,0,0,0,0,104,414,3.98,1,78,55,487,8.85,4,1,1,5,,,118.0,173.1,180.1,145.6,,30,
106,107,"['Dede Westbrook', 'WestDe00']",JAX,WR,25,16,9,0,1,0,0,0,9,98,10.89,0,101,66,717,10.86,5,3,2,6,,,114.0,179.5,184.5,146.5,,31,
107,108,"['Adam Humphries', 'HumpAd00']",TAM,WR,25,16,10,0,0,0,0,0,2,11,5.5,0,105,76,816,10.74,5,2,0,5,,,113.0,188.7,191.7,150.7,,32,
108,109,"['Josh Rosen', 'RoseJo01']",ARI,QB,21,14,13,217,393,2278,11,14,23,138,6.0,0,0,0,0,,0,10,5,0,,1.0,113.0,112.9,137.9,126.9,,34,
109,110,"['Dalvin Cook', 'CookDa01']",MIN,RB,23,11,10,0,0,0,0,0,133,615,4.62,2,49,40,305,7.63,2,2,2,4,,,112.0,152.0,160.0,132.0,,31,
110,111,"['DeSean Jackson', 'JackDe00']",TAM,WR,32,12,10,0,0,0,0,0,6,29,4.83,1,74,41,774,18.88,4,0,0,5,,,110.0,151.3,154.3,130.8,,33,
111,112,"['Latavius Murray', 'MurrLa00']",MIN,RB,28,16,6,0,0,0,0,0,140,578,4.13,6,26,22,141,6.41,0,0,0,6,1.0,,110.0,131.9,137.9,120.9,,32,
112,113,"['Zay Jones', 'JoneZa00']",BUF,WR,23,16,15,0,1,0,0,0,1,0,0.0,0,102,56,652,11.64,7,1,0,7,1.0,,109.0,165.2,168.2,137.2,,34,
113,114,"['Golden Tate', 'TateGo00']",2TM,WR,30,15,8,0,0,0,0,0,4,34,8.5,0,113,74,795,10.74,4,3,0,4,1.0,,109.0,182.9,185.9,145.9,,35,
114,115,"['Kerryon Johnson', 'JohnKe06']",DET,RB,21,10,7,0,0,0,0,0,118,641,5.43,3,39,32,213,6.66,1,1,1,4,,,107.0,139.4,146.4,123.4,,33,
115,116,"['Robby Anderson', 'AndeRo04']",NYJ,WR,25,14,9,0,0,0,0,0,2,-8,-4.0,0,94,50,752,15.04,6,2,2,6,,,106.0,156.4,161.4,131.4,,36,
116,117,"['Mike Davis', 'DaviMi01']",SEA,RB,25,15,2,0,0,0,0,0,112,514,4.59,4,42,34,214,6.29,1,0,0,5,,,103.0,136.8,142.8,119.8,,34,
117,118,"['A.J. Green', 'GreeA.00']",CIN,WR,30,9,9,0,0,0,0,0,0,0,,0,77,46,694,15.09,6,2,1,6,,,103.0,149.4,153.4,126.4,,37,
118,119,"['John Brown', 'BrowJo02']",BAL,WR,28,16,15,0,0,0,0,0,3,4,1.33,0,97,42,715,17.02,5,0,0,5,,,102.0,143.9,146.9,122.9,,39,
119,120,"['Dion Lewis', 'LewiDi00']",TEN,RB,28,16,7,0,0,0,0,0,155,517,3.34,1,67,59,400,6.78,1,1,1,2,,,102.0,160.7,167.7,131.2,,36,
120,121,"['Doug Martin', 'MartDo00']",OAK,RB,29,16,9,0,0,0,0,0,172,723,4.2,4,24,18,116,6.44,0,3,3,4,,,102.0,119.9,128.9,110.9,,35,
121,122,"['D.J. Moore', 'MoorD.00']",CAR,WR,21,16,10,0,0,0,0,0,13,172,13.23,0,82,55,788,14.33,2,4,3,2,,,102.0,157.0,166.0,129.5,,38,
122,123,"['Nelson Agholor', 'AghoNe00']",PHI,WR,25,16,16,1,1,15,0,0,3,32,10.67,0,97,64,736,11.5,4,1,0,4,,,101.0,165.4,168.4,133.4,,40,
123,124,"['Leonard Fournette', 'FourLe00']",JAX,RB,23,8,8,0,0,0,0,0,133,439,3.3,5,26,22,185,8.41,1,0,0,6,,,98.0,120.4,126.4,109.4,,37,
124,125,"['Josh Gordon', 'GordJo02']",2TM,WR,27,12,12,0,0,0,0,0,0,0,,0,71,41,737,17.98,4,0,0,4,,,98.0,138.7,141.7,118.2,,44,
125,126,"['Nyheim Hines', 'HineNy00']",IND,RB,22,16,4,0,0,0,0,0,85,314,3.69,2,81,63,425,6.75,2,1,0,4,,,98.0,160.9,166.9,129.4,,38,
126,127,"['Allen Robinson', 'RobiAl02']",CHI,WR,25,13,12,0,0,0,0,0,1,9,9.0,0,94,55,754,13.71,4,1,1,4,,,98.0,153.3,157.3,125.8,,41,
127,128,"['Curtis Samuel', 'SamuCu00']",CAR,WR,22,13,8,0,0,0,0,0,8,84,10.5,2,65,39,494,12.67,5,1,1,7,,,98.0,136.8,140.8,117.3,,42,
128,129,"['Demaryius Thomas', 'ThomDe03']",2TM,WR,31,15,15,0,0,0,0,0,0,0,,0,89,59,677,11.47,5,0,0,5,,,98.0,156.7,159.7,127.2,,43,
129,130,"['Kenny Stills', 'StilKe00']",MIA,WR,26,15,15,1,1,3,1,0,0,0,,0,64,37,553,14.95,6,1,0,6,1.0,,97.0,134.4,137.4,115.9,,45,
130,131,"['Tyrell Williams', 'WillTy00']",LAC,WR,26,16,10,0,0,0,0,0,2,15,7.5,0,65,41,653,15.93,5,2,0,5,,,97.0,137.8,140.8,117.3,,46,
131,132,"['Cooper Kupp', 'KuppCo00']",LAR,WR,25,8,8,0,0,0,0,0,4,25,6.25,0,55,40,566,14.15,6,0,0,6,,,95.0,135.1,138.1,115.1,,47,
132,133,"['Alex Collins', 'CollAl00']",BAL,RB,24,10,10,0,0,0,0,0,114,411,3.61,7,21,15,105,7.0,1,3,3,8,,,94.0,108.6,117.6,101.1,,39,
133,134,"['Jordy Nelson', 'NelsJo00']",OAK,WR,33,15,14,0,0,0,0,0,1,-2,-2.0,0,88,63,739,11.73,3,1,0,3,1.0,,94.0,156.7,159.7,125.2,,49,
134,135,"['Courtland Sutton', 'SuttCo00']",DEN,WR,23,16,9,0,0,0,0,0,1,-1,-1.0,0,84,42,704,16.76,4,0,0,4,,,94.0,136.3,139.3,115.3,,48,
135,136,"['LeSean McCoy', 'McCoLe01']",BUF,RB,30,14,13,0,0,0,0,0,161,514,3.19,3,46,34,238,7.0,0,0,0,3,,,93.0,127.2,133.2,110.2,,40,
136,137,"['Doug Baldwin', 'BaldDo00']",SEA,WR,30,13,13,0,0,0,0,0,0,0,,0,73,50,618,12.36,5,0,0,5,,,92.0,141.8,144.8,116.8,,50,
137,138,"['Frank Gore', 'GoreFr00']",MIA,RB,35,14,14,0,0,0,0,0,156,722,4.63,0,16,12,124,10.33,1,1,0,1,,,91.0,102.6,108.6,96.6,,41,
138,139,"['Antonio Callaway', 'CallAn00']",CLE,WR,21,16,11,0,0,0,0,0,2,7,3.5,0,79,43,586,13.63,5,1,1,5,1.0,,89.0,132.3,136.3,110.8,,51,
139,140,"['Jalen Richard', 'RichJa01']",OAK,RB,25,16,1,0,0,0,0,0,55,259,4.71,1,81,68,607,8.93,0,3,2,1,,,89.0,156.6,164.6,122.6,,43,
140,141,"['Wendell Smallwood', 'SmalWe00']",PHI,RB,24,16,6,0,0,0,0,0,87,364,4.18,3,35,28,230,8.21,2,2,1,5,1.0,,89.0,117.4,124.4,103.4,,42,
141,142,"['Gus Edwards', 'EdwaGu00']",BAL,RB,23,11,6,0,0,0,0,0,137,718,5.24,2,2,2,20,10.0,0,0,0,2,1.0,,88.0,89.8,92.8,88.8,,45,
142,143,"['Carlos Hyde', 'HydeCa00']",2TM,RB,28,14,7,0,0,0,0,0,172,571,3.32,5,16,10,33,3.3,0,2,1,5,,,88.0,98.4,102.4,93.4,,44,
143,144,"['Royce Freeman', 'FreeRo00']",DEN,RB,22,14,8,0,0,0,0,0,130,521,4.01,5,20,14,72,5.14,0,1,1,5,,,87.0,101.3,105.3,94.3,,47,
144,145,"['Anthony Miller', 'MillAn02']",CHI,WR,24,15,4,1,1,8,0,0,6,26,4.33,0,54,33,423,12.82,7,1,0,7,,,87.0,120.2,123.2,103.7,,52,
145,146,"['Jamaal Williams', 'WillJa06']",GNB,RB,23,16,8,0,0,0,0,0,121,464,3.83,3,41,27,210,7.78,0,0,0,3,1.0,,87.0,114.4,120.4,100.9,,46,
146,147,"['Cole Beasley', 'BeasCo00']",DAL,WR,29,16,4,0,1,0,0,0,0,0,,0,87,65,672,10.34,3,0,0,3,,,85.0,150.2,153.2,117.7,,53,
147,148,"['Jeff Driskel', 'DrisJe00']",CIN,QB,25,9,5,105,176,1003,6,2,25,130,5.2,2,0,0,0,,0,4,1,2,,1.0,85.0,85.1,94.1,87.1,,35,
148,149,"['Taylor Gabriel', 'GabrTa00']",CHI,WR,27,16,11,0,0,0,0,0,9,61,6.78,0,93,67,688,10.27,2,1,1,2,,,85.0,151.9,155.9,118.4,,54,
149,150,"['Duke Johnson', 'JohnDu00']",CLE,RB,25,16,2,0,0,0,0,0,40,201,5.03,0,62,47,429,9.13,3,1,0,3,2.0,,85.0,132.0,138.0,108.5,,48,
150,151,"['Donte Moncrief', 'MoncDo00']",JAX,WR,25,16,14,0,0,0,0,0,0,0,,0,89,48,668,13.92,3,1,1,3,,,83.0,130.8,134.8,106.8,,55,
151,152,"['Evan Engram', 'EngrEv00']",NYG,TE,24,11,8,0,0,0,0,0,3,36,12.0,0,64,45,577,12.82,3,0,0,3,1.0,,81.0,126.3,129.3,103.8,,13,
152,153,"['Marvin Jones', 'JoneMa02']",DET,WR,28,9,9,0,0,0,0,0,0,0,,0,62,35,508,14.51,5,0,0,5,,,81.0,115.8,118.8,98.3,,56,
153,154,"['Christian Kirk', 'KirkCh01']",ARI,WR,22,12,7,0,0,0,0,0,3,35,11.67,0,68,43,590,13.72,3,0,0,3,,,81.0,123.5,126.5,102.0,,57,
154,155,"['Michael Crabtree', 'CrabMi00']",BAL,WR,31,16,16,0,0,0,0,0,0,0,,0,100,54,607,11.24,3,0,0,3,,,79.0,132.7,135.7,105.7,,60,
155,156,"['Devin Funchess', 'FuncDe00']",CAR,WR,24,14,12,0,0,0,0,0,0,0,,0,79,44,549,12.48,4,0,0,4,,,79.0,122.9,125.9,100.9,,59,
156,157,"['Rashard Higgins', 'HiggRa00']",CLE,WR,24,13,1,0,0,0,0,0,0,0,,0,53,39,572,14.67,4,2,1,4,,,79.0,118.2,122.2,98.7,,58,
157,158,"['LeGarrette Blount', 'BlouLe00']",DET,RB,32,16,8,0,0,0,0,0,154,418,2.71,5,15,10,67,6.7,0,2,1,5,,,77.0,86.5,90.5,81.5,,50,
158,159,"['Alfred Blue', 'BlueAl00']",HOU,RB,27,16,2,0,0,0,0,0,150,499,3.33,2,27,20,154,7.7,0,0,0,2,,,77.0,97.3,103.3,87.3,,49,
159,160,"['Dante Pettis', 'PettDa00']",SFO,WR,23,12,7,0,0,0,0,0,1,-2,-2.0,0,45,27,467,17.3,5,2,0,5,,,77.0,103.5,106.5,90.0,,61,
160,161,"['Jimmy Graham', 'GrahJi00']",GNB,TE,32,16,12,0,0,0,0,0,0,0,,0,89,55,636,11.56,2,0,0,2,,,76.0,130.6,133.6,103.1,,14,
161,162,"['Cordarrelle Patterson', 'PattCo00']",NWE,WR,27,15,5,0,0,0,0,0,42,228,5.43,1,28,21,247,11.76,3,1,1,5,,,76.0,96.5,103.5,86.0,,62,
162,163,"['Damien Williams', 'WillDa05']",KAN,RB,26,16,3,0,0,0,0,0,50,256,5.12,4,24,23,160,6.96,2,1,1,6,,,76.0,98.6,105.6,87.1,,51,
163,164,"['Josh Adams', 'AdamJo03']",PHI,RB,22,14,5,0,0,0,0,0,120,511,4.26,3,13,7,58,8.29,0,1,1,3,1.0,,75.0,81.9,85.9,78.4,,52,
164,165,"['C.J. Beathard', 'BeatC.00']",SFO,QB,25,6,5,102,169,1252,8,7,19,69,3.63,1,0,0,0,,0,5,3,1,,,75.0,75.0,88.0,82.0,,37,
165,166,"['Nick Foles', 'FoleNi00']",PHI,QB,29,5,5,141,195,1413,7,4,9,17,1.89,0,1,1,10,10.0,0,4,2,0,,,75.0,76.2,85.2,79.7,,36,
166,167,"['David Moore', 'MoorDa03']",SEA,WR,23,16,7,0,0,0,0,0,1,5,5.0,0,53,26,445,17.12,5,2,0,5,,,75.0,101.0,104.0,88.0,,64,
167,168,"['Sammy Watkins', 'WatkSa00']",KAN,WR,25,10,9,0,0,0,0,0,5,52,10.4,0,55,40,519,12.98,3,1,0,3,,,75.0,115.1,118.1,95.1,,63,
168,169,"['Will Fuller', 'FullWi01']",HOU,WR,24,7,7,0,0,0,0,0,0,0,,0,45,32,503,15.72,4,0,0,4,,,74.0,106.3,109.3,90.3,,65,
169,170,"['Chris Herndon', 'HernCh00']",NYJ,TE,22,16,12,0,0,0,0,0,0,0,,0,56,39,502,12.87,4,2,0,4,,,74.0,113.2,116.2,93.7,,15,
170,171,"['Mark Andrews', 'AndrMa00']",BAL,TE,22,16,3,0,0,0,0,0,0,0,,0,50,34,552,16.24,3,0,0,3,,,73.0,107.2,110.2,90.2,,16,
171,172,"['Kendrick Bourne', 'BourKe00']",SFO,WR,23,16,8,0,0,0,0,0,0,0,,0,66,42,487,11.6,4,1,0,4,,,73.0,114.7,117.7,93.7,,68,
172,173,"[""Tre'Quan Smith"", 'SmitTr03']",NOR,WR,22,15,7,0,0,0,0,0,0,0,,0,44,28,427,15.25,5,0,0,5,,,73.0,100.7,103.7,86.7,,67,
173,174,"['Marquez Valdes-Scantling', 'ValdMa00']",GNB,WR,24,16,10,0,0,0,0,0,2,29,14.5,0,73,38,581,15.29,2,0,0,2,,,73.0,111.0,114.0,92.0,,66,
174,175,"['Robert Foster', 'FostRo01']",BUF,WR,24,13,3,0,0,0,0,0,0,0,,0,44,27,541,20.04,3,0,0,3,,,72.0,99.1,102.1,85.6,,70,
175,176,"['Willie Snead', 'SneaWi00']",BAL,WR,26,16,10,0,0,0,0,0,1,13,13.0,0,95,62,651,10.5,1,0,0,1,,,72.0,134.4,137.4,103.4,,69,
176,177,"['Chris Hogan', 'HogaCh00']",NWE,WR,31,16,7,0,0,0,0,0,0,0,,0,55,35,532,15.2,3,0,0,3,,,71.0,106.2,109.2,88.7,,71,
177,178,"['Josh Reynolds', 'ReynJo00']",LAR,WR,23,16,8,0,0,0,0,0,2,8,4.0,0,53,29,402,13.86,5,0,0,5,,,71.0,100.0,103.0,85.5,,72,
178,179,"['Ito Smith', 'SmitIt00']",ATL,RB,23,14,0,0,0,0,0,0,90,315,3.5,4,32,27,152,5.63,0,1,0,4,,,71.0,97.7,103.7,84.2,,53,
179,180,"['Albert Wilson', 'WilsAl02']",MIA,WR,26,7,3,1,1,52,1,0,8,16,2.0,0,35,26,391,15.04,4,0,0,4,,,71.0,96.8,99.8,83.8,,73,
180,181,"['Danny Amendola', 'AmenDa00']",MIA,WR,33,15,15,1,1,28,1,0,1,-2,-2.0,0,79,59,575,9.75,1,2,0,1,,,68.0,127.4,130.4,97.9,,74,
181,182,"['Brock Osweiler', 'OsweBr00']",MIA,QB,28,7,5,113,178,1247,6,4,8,21,2.63,0,0,0,0,,0,1,1,0,,1.0,68.0,68.0,76.0,72.0,,38,
182,183,"['Elijah McGuire', 'McGuEl00']",NYJ,RB,24,8,3,0,0,0,0,0,92,276,3.0,3,31,19,193,10.16,1,2,2,4,,,67.0,85.9,93.9,76.4,,54,
183,184,"['Jordan Reed', 'ReedJo02']",WAS,TE,28,13,8,0,0,0,0,0,0,0,,0,84,54,558,10.33,2,1,1,2,,,66.0,119.8,123.8,92.8,,17,
184,185,"['Josh Doctson', 'DoctJo00']",WAS,WR,26,15,12,0,0,0,0,0,0,0,,0,78,44,532,12.09,2,0,0,2,,,65.0,109.2,112.2,87.2,,75,
185,186,"['Michael Gallup', 'GallMi00']",DAL,WR,22,16,8,0,0,0,0,0,0,0,,0,68,33,507,15.36,2,0,0,2,1.0,,65.0,97.7,100.7,81.2,,76,
186,187,"['Chris Ivory', 'IvorCh00']",BUF,RB,30,13,1,0,0,0,0,0,115,385,3.35,1,21,13,205,15.77,0,1,0,1,,,65.0,78.0,84.0,71.5,,55,
187,188,"['Marquise Goodwin', 'GoodMa00']",SFO,WR,28,11,8,0,0,0,0,0,4,9,2.25,0,43,23,395,17.17,4,1,0,4,,,64.0,87.4,90.4,75.9,,77,
188,189,"['Marshawn Lynch', 'LyncMa00']",OAK,RB,32,6,6,0,0,0,0,0,90,376,4.18,3,20,15,84,5.6,0,0,0,3,,,64.0,79.0,82.0,71.5,,56,
189,190,"['Chester Rogers', 'RogeCh02']",IND,WR,24,16,10,0,0,0,0,0,1,-4,-4.0,0,72,53,485,9.15,2,1,0,2,2.0,,64.0,117.1,120.1,90.6,,78,
190,191,"['John Ross', 'RossJo00']",CIN,WR,24,13,10,0,0,0,0,0,4,9,2.25,0,58,21,210,10.0,7,0,0,7,,,64.0,84.9,87.9,74.4,,79,
191,192,"['Jaylen Samuels', 'SamuJa00']",PIT,RB,22,14,3,0,0,0,0,0,56,256,4.57,0,29,26,199,7.65,3,1,0,3,,,64.0,89.5,95.5,76.5,,57,
192,193,"['Cameron Brate', 'BratCa00']",TAM,TE,27,16,2,0,0,0,0,0,0,0,,0,49,30,289,9.63,6,1,1,6,,,63.0,92.9,96.9,77.9,,18,
193,194,"['C.J. Anderson', 'AndeC.00']",2TM,RB,27,11,3,0,0,0,0,0,67,403,6.01,2,9,5,41,8.2,1,0,0,3,,,62.0,67.4,70.4,64.9,,58,
194,195,"['Seth Roberts', 'RobeSe00']",OAK,WR,27,15,7,0,0,0,0,0,3,5,1.67,0,64,45,494,10.98,2,0,0,2,,,62.0,106.9,109.9,84.4,,80,
195,196,"['C.J. Uzomah', 'UzomC.00']",CIN,TE,25,16,15,0,0,0,0,0,0,0,,0,64,43,439,10.21,3,0,0,3,,,62.0,104.9,107.9,83.4,,19,
196,197,"['Giovani Bernard', 'BernGi00']",CIN,RB,27,12,4,0,0,0,0,0,56,211,3.77,3,48,35,218,6.23,0,0,0,3,,,61.0,95.9,101.9,78.4,,60,
197,198,"['Rashaad Penny', 'PennRa00']",SEA,RB,22,14,0,0,0,0,0,0,85,419,4.93,2,12,9,75,8.33,0,0,0,2,,,61.0,70.4,73.4,65.9,,59,
198,199,"['Alfred Morris', 'MorrAl00']",SFO,RB,30,12,1,0,0,0,0,0,111,428,3.86,2,13,8,73,9.13,0,2,1,2,,,60.0,68.1,72.1,64.1,,61,
199,200,"['Javorius Allen', 'AlleJa01']",BAL,RB,27,14,0,0,0,0,0,0,41,110,2.68,3,43,35,196,5.6,2,1,1,5,,,59.0,93.6,100.6,76.1,,64,
200,201,"['Corey Clement', 'ClemCo00']",PHI,RB,24,11,0,0,0,0,0,0,68,259,3.81,2,25,22,192,8.73,0,4,0,2,1.0,,59.0,81.1,87.1,70.1,,62,
201,202,"['Chris Conley', 'ConlCh00']",KAN,WR,26,16,13,0,0,0,0,0,0,0,,0,52,32,334,10.44,5,2,2,5,,,59.0,91.4,96.4,75.4,,81,
202,203,"['Spencer Ware', 'WareSp00']",KAN,RB,27,13,2,0,0,0,0,0,51,246,4.82,2,23,20,224,11.2,0,0,0,2,,,59.0,79.0,85.0,69.0,,63,
203,204,"['Dallas Goedert', 'GoedDa00']",PHI,TE,23,16,8,0,0,0,0,0,0,0,,0,44,33,334,10.12,4,0,0,4,,,57.0,90.4,93.4,73.9,,20,
204,205,"['Theo Riddick', 'RiddTh00']",DET,RB,27,14,3,0,0,0,0,0,40,171,4.28,0,74,61,384,6.3,0,0,0,0,,,56.0,116.5,122.5,86.0,,65,
205,206,"['Jarius Wright', 'WrigJa02']",CAR,WR,29,16,6,0,0,0,0,0,2,39,19.5,0,59,43,447,10.4,1,3,1,1,1.0,,55.0,97.6,101.6,76.1,,82,
206,207,"['Jamison Crowder', 'CrowJa00']",WAS,WR,25,9,7,0,0,0,0,0,4,30,7.5,0,49,29,388,13.38,2,0,0,2,,,54.0,82.8,85.8,68.3,,83,
207,208,"['Gerald Everett', 'EverGe00']",LAR,TE,24,16,0,0,0,0,0,0,2,16,8.0,0,50,33,320,9.7,3,0,0,3,1.0,,54.0,86.6,89.6,70.1,,22,
208,209,"['Jesse James', 'JameJe00']",PIT,TE,24,16,7,0,0,0,0,0,0,0,,0,39,30,423,14.1,2,0,0,2,,,54.0,84.3,87.3,69.3,,21,
209,210,"['Greg Olsen', 'OlseGr00']",CAR,TE,33,9,9,0,0,0,0,0,0,0,,0,38,27,291,10.78,4,0,0,4,,,53.0,80.1,83.1,66.6,,23,
210,211,"['Aldrick Robinson', 'RobiAl00']",MIN,WR,30,14,0,0,0,0,0,0,0,0,,0,35,17,231,13.59,5,0,0,5,,,53.0,70.1,73.1,61.6,,84,
211,212,"['Demarcus Robinson', 'RobiDe01']",KAN,WR,24,16,5,0,0,0,0,0,0,0,,0,33,22,288,13.09,4,0,0,4,,,53.0,74.8,77.8,63.8,,85,
212,213,"['Ben Watson', 'WatsBe00']",NOR,TE,38,16,4,0,0,0,0,0,0,0,,0,46,35,400,11.43,2,0,0,2,,,52.0,87.0,90.0,69.5,,24,
213,214,"['Keelan Cole', 'ColeKe00']",JAX,WR,25,16,11,0,0,0,0,0,0,0,,0,70,38,491,12.92,1,2,2,1,,,51.0,89.1,94.1,70.1,,87,
214,215,"['Vernon Davis', 'DaviVe00']",WAS,TE,34,14,8,0,0,0,0,0,0,0,,0,36,25,367,14.68,2,0,0,2,1.0,,51.0,75.7,78.7,63.2,,25,
215,216,"['Jakeem Grant', 'GranJa00']",MIA,WR,26,10,2,0,0,0,0,0,1,5,5.0,0,34,21,268,12.76,2,0,0,4,,,51.0,72.3,75.3,61.8,,86,
216,217,"['Taywan Taylor', 'TaylTa00']",TEN,WR,23,13,5,0,0,0,0,0,0,0,,0,56,37,466,12.59,1,1,1,1,,,51.0,87.6,91.6,69.1,,88,
217,218,"['Chris Thompson', 'ThomCh03']",WAS,RB,28,10,0,0,0,0,0,0,43,178,4.14,0,55,41,268,6.54,1,1,0,1,,,51.0,91.6,97.6,71.1,,66,
218,219,"['Devontae Booker', 'BookDe00']",DEN,RB,26,16,0,0,0,0,0,0,34,183,5.38,1,51,38,275,7.24,0,1,1,1,,,50.0,87.8,94.8,68.8,,68,
219,220,"['Phillip Dorsett', 'DorsPh00']",NWE,WR,25,16,2,0,0,0,0,0,4,29,7.25,0,42,32,290,9.06,3,0,0,3,,,50.0,81.9,84.9,65.9,,89,
220,221,"['Josh Johnson', 'JohnJo05']",WAS,QB,32,4,3,52,91,590,3,4,23,120,5.22,1,0,0,0,,0,2,0,1,,2.0,50.0,49.6,59.6,53.6,,39,
221,222,"['Zach Zenner', 'ZennZa00']",DET,RB,27,8,1,0,0,0,0,0,55,265,4.82,3,10,7,56,8.0,0,0,0,3,,,50.0,57.1,60.1,53.6,,67,
222,223,"['Quincy Enunwa', 'EnunQu00']",NYJ,WR,26,11,10,0,0,0,0,0,1,0,0.0,0,68,38,449,11.82,1,2,1,1,,,49.0,86.9,90.9,67.9,,90,
223,224,"['Blake Jarwin', 'JarwBl00']",DAL,TE,24,16,4,0,0,0,0,0,0,0,,0,36,27,307,11.37,3,0,0,3,,,49.0,75.7,78.7,62.2,,26,
224,225,"['Bilal Powell', 'PoweBi00']",NYJ,RB,30,7,7,0,0,0,0,0,80,343,4.29,0,18,11,110,10.0,1,2,1,1,,,49.0,60.3,67.3,54.8,,69,
225,226,"['Randall Cobb', 'CobbRa00']",GNB,WR,28,9,6,0,0,0,0,0,0,0,,0,61,38,383,10.08,2,2,1,2,,,48.0,86.3,90.3,67.3,,92,
226,227,"['Kenneth Dixon', 'DixoKe00']",BAL,RB,24,6,0,0,0,0,0,0,60,333,5.55,2,7,6,51,8.5,0,2,1,2,,,48.0,54.4,58.4,51.4,,70,
227,228,"['Jimmy Garoppolo', 'GaroJi00']",SFO,QB,27,3,3,53,89,718,5,3,8,33,4.13,0,0,0,0,,0,4,0,0,,1.0,48.0,48.0,54.0,51.0,,40,
228,229,"['Dontrelle Inman', 'InmaDo00']",IND,WR,29,9,4,0,0,0,0,0,0,0,,0,39,28,304,10.86,3,0,0,3,,,48.0,76.4,79.4,62.4,,91,
229,230,"['Jaron Brown', 'BrowJa03']",SEA,WR,28,16,2,0,0,0,0,0,0,0,,0,19,14,166,11.86,5,0,0,5,,,47.0,60.6,63.6,53.6,,93,
230,231,"['Antonio Gates', 'GateAn00']",LAC,TE,38,16,1,0,0,0,0,0,0,0,,0,45,28,333,11.89,2,1,1,2,2.0,,47.0,75.3,79.3,61.3,,27,
231,232,"['Kapri Bibbs', 'BibbKa00']",2TM,RB,25,12,0,0,0,0,0,0,21,103,4.9,3,23,16,115,7.19,1,1,0,4,,,46.0,61.8,67.8,53.8,,73,
232,233,"['Justin Jackson', 'JackJu01']",LAC,RB,23,13,1,0,0,0,0,0,50,206,4.12,2,19,15,135,9.0,0,0,0,2,,,46.0,61.1,67.1,53.6,,71,
233,234,"['Ty Montgomery', 'MontTy01']",2TM,WR,25,13,0,0,0,0,0,0,41,188,4.59,1,40,25,235,9.4,0,2,1,1,,,46.0,71.3,78.3,58.8,,94,
234,235,"['Breshad Perriman', 'PerrBr02']",CLE,WR,25,10,2,0,0,0,0,0,4,2,0.5,0,25,16,340,21.25,2,0,0,2,,,46.0,62.2,65.2,54.2,,95,
235,236,"['Darren Sproles', 'SproDa00']",PHI,RB,35,6,2,0,0,0,0,0,29,120,4.14,1,23,15,160,10.67,2,0,0,3,,,46.0,61.0,67.0,53.5,,72,
236,237,"['Jordan Thomas', 'ThomJo05']",HOU,TE,22,16,10,0,0,0,0,0,0,0,,0,27,20,215,10.75,4,0,0,4,,,46.0,65.5,68.5,55.5,,28,
237,238,"['Jacquizz Rodgers', 'RodgJa00']",TAM,RB,28,16,0,0,0,0,0,0,33,106,3.21,1,45,38,304,8.0,0,1,1,1,,,45.0,83.0,90.0,64.0,,74,
238,239,"['Tajae Sharpe', 'SharTa00']",TEN,WR,24,16,13,0,0,0,0,0,1,16,16.0,0,47,26,316,12.15,2,0,0,2,,,45.0,71.2,74.2,58.2,,96,
239,240,"['Ian Thomas', 'ThomIa00']",CAR,TE,22,16,6,0,0,0,0,0,0,0,,0,49,36,333,9.25,2,0,0,2,,,45.0,81.3,84.3,63.3,,29,
240,241,"['Nick Vannett', 'VannNi00']",SEA,TE,25,15,9,0,0,0,0,0,0,0,,0,43,29,269,9.28,3,1,0,3,,,45.0,73.9,76.9,59.4,,30,
241,242,"['Kelvin Benjamin', 'BenjKe00']",2TM,WR,27,15,10,0,0,0,0,0,0,0,,0,67,25,380,15.2,1,0,0,1,,,44.0,69.0,72.0,56.5,,97,
242,243,"['Jonnu Smith', 'SmitJo01']",TEN,TE,23,13,12,0,0,0,0,0,0,0,,0,30,20,258,12.9,3,1,0,3,,,44.0,63.8,66.8,53.8,,31,
243,244,"['Jordan Wilkins', 'WilkJo01']",IND,RB,24,16,3,0,0,0,0,0,60,336,5.6,1,17,16,85,5.31,0,2,2,1,,,44.0,60.1,65.1,52.1,,75,
244,245,"['Chase Edmonds', 'EdmoCh00']",ARI,RB,22,16,0,0,0,0,0,0,60,208,3.47,2,23,20,103,5.15,0,1,0,2,,,43.0,63.1,69.1,53.1,,76,
245,246,"['Jermaine Kearse', 'KearJe01']",NYJ,WR,28,14,9,0,0,0,0,0,0,0,,0,76,37,371,10.03,1,0,0,1,,,43.0,80.1,83.1,61.6,,98,
246,247,"['Geronimo Allison', 'AlliGe01']",GNB,WR,24,5,4,0,0,0,0,0,0,0,,0,30,20,303,15.15,2,1,0,2,,,42.0,62.3,65.3,52.3,,99,
247,248,"['Allen Hurns', 'HurnAl01']",DAL,WR,27,16,7,0,0,0,0,0,0,0,,0,35,20,295,14.75,2,1,0,2,,,42.0,61.5,64.5,51.5,,101,
248,249,"['Jordan Matthews', 'MattJo00']",PHI,WR,26,14,3,0,0,0,0,0,0,0,,0,28,20,300,15.0,2,0,0,2,,,42.0,62.0,65.0,52.0,,100,
249,250,"['Tyler Higbee', 'HigbTy00']",LAR,TE,25,16,16,0,0,0,0,0,0,0,,0,34,24,292,12.17,2,1,0,2,,,41.0,65.2,68.2,53.2,,32,
250,251,"['Tyrod Taylor', 'TaylTy00']",CLE,QB,29,4,3,42,85,473,2,2,16,125,7.81,1,0,0,0,,0,3,0,1,,,41.0,41.4,49.4,43.4,,41,
251,252,"['Jeff Heuerman', 'HeueJe00']",DEN,TE,26,11,10,0,0,0,0,0,0,0,,0,48,31,281,9.06,2,0,0,2,,,40.0,71.1,74.1,55.6,,34,
252,253,"['Zach Pascal', 'PascZa00']",IND,WR,24,16,4,0,0,0,0,0,2,10,5.0,0,46,27,268,9.93,2,0,0,2,,,40.0,66.8,69.8,53.3,,102,
253,254,"['Ricky Seals-Jones', 'SealRi00']",ARI,TE,23,15,5,0,0,0,0,0,0,0,,0,69,34,343,10.09,1,0,0,1,,,40.0,74.3,77.3,57.3,,33,
254,255,"['Ryan Grant', 'GranRy01']",IND,WR,28,14,10,0,0,0,0,0,0,0,,0,52,35,334,9.54,1,0,0,1,,,39.0,74.4,77.4,56.9,,103,
255,256,"['Cody Kessler', 'KessCo00']",JAX,QB,25,5,4,85,131,709,2,2,19,123,6.47,0,0,0,0,,0,5,3,0,,,39.0,38.7,49.7,40.7,,42,
256,257,"['Paul Richardson', 'RichPa01']",WAS,WR,26,7,4,0,0,0,0,0,2,9,4.5,0,35,20,262,13.1,2,0,0,2,,,39.0,59.1,62.1,49.1,,104,
257,258,"['Jay Ajayi', 'AjayJa00']",PHI,RB,25,4,3,0,0,0,0,0,45,184,4.09,3,6,5,20,4.0,0,1,1,3,1.0,,38.0,43.4,47.4,40.9,,77,
258,259,['Kyle Juszczyk'],SFO,RB,27,16,14,0,0,0,0,0,8,30,3.75,0,41,30,324,10.8,1,2,2,1,,,37.0,67.4,72.4,52.4,,78,
259,260,"['DeVante Parker', 'ParkDe01']",MIA,WR,25,11,7,0,0,0,0,0,0,0,,0,47,24,309,12.88,1,0,0,1,,,37.0,60.9,63.9,48.9,,107,
260,261,"['Tim Patrick', 'PatrTi00']",DEN,WR,25,16,4,0,0,0,0,0,3,17,5.67,0,41,23,315,13.7,1,2,1,1,,,37.0,60.2,64.2,48.7,,105,
261,262,"['Terrelle Pryor', 'PryoTe00']",2TM,WR,29,8,1,0,0,0,0,0,1,-1,-1.0,0,30,16,252,15.75,2,0,0,2,,,37.0,53.1,56.1,45.1,,106,
262,263,"['Rex Burkhead', 'BurkRe00']",NWE,RB,28,8,4,0,0,0,0,0,57,186,3.26,0,20,14,131,9.36,1,2,1,1,,,36.0,49.7,56.7,42.7,,79,
263,264,"['Ted Ginn', 'GinnTe00']",NOR,WR,33,5,3,0,0,0,0,0,3,26,8.67,0,30,17,209,12.29,2,1,1,2,1.0,,36.0,52.5,56.5,44.0,,110,
264,265,"['DaeSean Hamilton', 'HamiDa01']",DEN,WR,23,14,5,0,0,0,0,0,0,0,,0,45,30,243,8.1,2,0,0,2,,,36.0,66.3,69.3,51.3,,108,
265,266,"['Laquon Treadwell', 'TreaLa00']",MIN,WR,23,15,7,0,0,0,0,0,0,0,,0,53,35,302,8.63,1,0,0,1,,,36.0,71.2,74.2,53.7,,109,
266,267,"['Keke Coutee', 'CoutKe00']",HOU,WR,21,6,2,0,0,0,0,0,3,0,0.0,0,41,28,287,10.25,1,0,0,1,,,35.0,62.7,65.7,48.7,,111,
267,268,"['Jack Doyle', 'DoylJa00']",IND,TE,28,6,6,0,0,0,0,0,0,0,,0,33,26,245,9.42,2,1,1,2,,,35.0,60.5,64.5,47.5,,36,
268,269,"['Rhett Ellison', 'ElliRh00']",NYG,TE,30,14,12,0,0,0,0,0,0,0,,0,34,25,272,10.88,1,0,0,1,1.0,,35.0,60.2,63.2,47.7,,35,
269,270,"['Pierre Garcon', 'GarcPi00']",SFO,WR,32,8,8,0,0,0,0,0,0,0,,0,46,24,286,11.92,1,0,0,1,,,35.0,58.6,61.6,46.6,,112,
270,271,"['Isaiah McKenzie', 'McKeIs00']",2TM,WR,23,8,1,0,0,0,0,0,10,66,6.6,2,30,18,179,9.94,0,2,1,2,,,35.0,52.5,56.5,43.5,,113,
271,272,"['Malcolm Brown', 'BrowMa03']",LAR,RB,25,12,0,0,0,0,0,0,43,212,4.93,0,7,5,52,10.4,1,0,0,1,1.0,,34.0,39.4,42.4,36.9,,80,
272,273,"['Demetrius Harris', 'HarrDe03']",KAN,TE,27,15,3,0,0,0,0,0,0,0,,0,25,12,164,13.67,3,0,0,3,,,34.0,46.4,49.4,40.4,,37,
273,274,"['Ed Dickson', 'DickEd00']",SEA,TE,31,10,1,0,0,0,0,0,1,9,9.0,0,13,12,143,11.92,3,0,0,3,,,33.0,45.2,48.2,39.2,,38,
274,275,"['Blaine Gabbert', 'GabbBl00']",TEN,QB,29,8,3,61,101,626,4,4,6,0,0.0,0,0,0,0,,0,0,0,0,,,33.0,33.0,40.0,37.0,,43,
275,276,"['Keith Kirkwood', 'KirkKe00']",NOR,WR,25,8,1,0,0,0,0,0,0,0,,0,21,13,209,16.08,2,0,0,2,,,33.0,45.9,48.9,39.4,,117,
276,277,"['Raheem Mostert', 'MostRa00']",SFO,RB,26,9,0,0,0,0,0,0,34,261,7.68,1,7,6,25,4.17,0,1,1,1,,,33.0,38.6,42.6,35.6,,81,
277,278,"['Torrey Smith', 'SmitTo02']",CAR,WR,29,11,6,0,0,0,0,0,0,0,,0,31,17,190,11.18,2,0,0,2,1.0,,33.0,50.0,53.0,41.5,,116,
278,279,"['Equanimeous St. Brown', 'St.BEq00']",GNB,WR,22,12,7,0,0,0,0,0,1,5,5.0,0,36,21,328,15.62,0,0,0,0,,,33.0,54.3,57.3,43.8,,115,
279,280,"['Ryan Switzer', 'SwitRy00']",PIT,WR,24,16,1,0,0,0,0,0,6,21,3.5,0,44,36,253,7.03,1,2,0,1,,,33.0,69.4,72.4,51.4,,114,
280,281,"['Tavon Austin', 'AustTa00']",DAL,WR,28,7,0,0,0,0,0,0,6,55,9.17,0,13,8,140,17.5,2,0,0,2,,,32.0,39.5,42.5,35.5,,118,
281,282,"['Trenton Cannon', 'CannTr00']",NYJ,RB,24,16,0,0,0,0,0,0,38,113,2.97,1,25,17,144,8.47,0,0,0,1,,,32.0,48.7,54.7,40.2,,83,
282,283,"['Levine Toilolo', 'ToilLe00']",DET,TE,27,16,10,0,0,0,0,0,0,0,,0,24,21,263,12.52,1,0,0,1,,,32.0,53.3,56.3,42.8,,39,
283,284,"['Jeff Wilson', 'WilsJe01']",SFO,RB,23,6,2,0,0,0,0,0,66,266,4.03,0,15,12,98,8.17,0,3,2,0,,,32.0,44.4,49.4,38.4,,82,
284,285,"['James Develin', 'DeveJa00']",NWE,RB,30,16,8,0,0,0,0,0,6,8,1.33,4,17,12,61,5.08,0,0,0,4,,,31.0,42.9,42.9,36.9,,84,
285,286,"['Wayne Gallman', 'GallWa00']",NYG,RB,24,15,2,0,0,0,0,0,51,176,3.45,1,22,14,89,6.36,0,2,1,1,,,31.0,44.5,48.5,37.5,,85,
286,287,"['Ryan Griffin', 'GrifRy00']",HOU,TE,28,14,11,0,0,0,0,0,0,0,,0,43,24,305,12.71,0,0,0,0,,,31.0,54.5,57.5,42.5,,41,
287,288,"['Maurice Harris', 'HarrMa05']",WAS,WR,26,12,7,0,0,0,0,0,2,10,5.0,0,47,28,304,10.86,0,1,0,0,,,31.0,59.4,62.4,45.4,,119,
288,289,"['Taysom Hill', 'HillTa00']",NOR,QB,28,16,4,3,7,64,0,1,37,196,5.3,2,7,3,4,1.33,0,1,1,2,,,31.0,33.6,38.6,33.1,,44,
289,290,"['T.J. Jones', 'JoneT.00']",DET,WR,26,15,3,0,0,0,0,0,0,0,,0,26,19,190,10.0,2,0,0,2,,,31.0,50.0,53.0,40.5,,120,
290,291,"['Matt LaCosse', 'LaCoMa00']",DEN,TE,26,15,5,0,0,0,0,0,0,0,,0,37,24,250,10.42,1,0,0,1,,,31.0,55.0,58.0,43.0,,40,
291,292,"['Russell Shepard', 'ShepRu00']",NYG,WR,28,12,0,0,0,0,0,0,0,0,,0,19,10,188,18.8,2,0,0,2,,,31.0,40.8,43.8,35.8,,121,
292,293,"['Chase Daniel', 'DaniCh00']",CHI,QB,32,5,2,53,76,515,3,2,13,3,0.23,0,1,1,8,8.0,0,4,0,0,,,30.0,30.7,35.7,32.2,,45,
293,294,"['Darren Fells', 'FellDa01']",CLE,TE,32,16,11,0,0,0,0,0,0,0,,0,12,11,117,10.64,3,0,0,3,,,30.0,40.7,43.7,35.2,,43,
294,295,"['Geoff Swaim', 'SwaiGe00']",DAL,TE,25,9,9,0,0,0,0,0,0,0,,0,32,26,242,9.31,1,0,0,1,,,30.0,56.2,59.2,43.2,,42,
295,296,"['Trent Taylor', 'TaylTr02']",SFO,WR,24,14,0,0,0,0,0,0,0,0,,0,41,26,215,8.27,1,1,0,1,1.0,,30.0,55.5,58.5,42.5,,122,
296,297,"['Kalen Ballage', 'BallKa00']",MIA,RB,23,12,0,0,0,0,0,0,36,191,5.31,1,11,9,56,6.22,0,1,1,1,,,29.0,37.7,41.7,33.2,,86,
297,298,"['Travis Benjamin', 'BenjTr00']",LAC,WR,29,12,3,0,0,0,0,0,7,41,5.86,0,24,12,186,15.5,1,0,0,1,,,29.0,40.7,43.7,34.7,,123,
298,299,"['Bruce Ellington', 'ElliBr00']",2TM,WR,27,7,3,0,1,0,0,0,1,2,2.0,0,42,31,224,7.23,1,1,0,1,,,29.0,59.6,62.6,44.1,,124,
299,300,"['Anthony Firkser', 'FirkAn00']",TEN,TE,23,12,0,0,0,0,0,0,0,0,,0,20,19,225,11.84,1,0,0,1,,,29.0,47.5,50.5,38.0,,45,
300,301,"['Luke Stocker', 'StocLu00']",TEN,TE,30,16,11,0,0,0,0,0,1,0,0.0,0,21,15,165,11.0,2,0,0,2,,,29.0,43.5,46.5,36.0,,44,
301,302,"['Jason Croom', 'CrooJa00']",BUF,TE,24,15,3,0,0,0,0,0,0,0,,0,35,22,259,11.77,1,2,2,2,,,28.0,49.9,60.9,44.9,,47,
302,303,"['Will Dissly', 'DissWi00']",SEA,TE,22,4,4,0,0,0,0,0,0,0,,0,14,8,156,19.5,2,0,0,2,,,28.0,35.6,38.6,31.6,,48,
303,304,"['Marcus Murphy', 'MurpMa03']",BUF,RB,27,11,1,0,0,0,0,0,52,250,4.81,0,19,11,26,2.36,0,1,0,0,,,28.0,38.6,41.6,33.1,,87,
304,305,"['Michael Roberts', 'RobeMi01']",DET,TE,24,8,2,0,0,0,0,0,0,0,,0,20,9,100,11.11,3,0,0,3,,,28.0,37.0,40.0,32.5,,46,
305,306,"['James Washington', 'WashJa00']",PIT,WR,22,14,6,0,0,0,0,0,0,0,,0,38,16,217,13.56,1,0,0,1,,,28.0,43.7,46.7,35.7,,125,
306,307,"['Kyle Allen', 'AlleKy00']",CAR,QB,22,2,1,20,31,266,2,0,5,19,3.8,1,0,0,0,,0,0,0,1,,,27.0,26.5,26.5,26.5,,47,
307,308,"['Martavis Bryant', 'BryaMa00']",OAK,WR,27,8,2,0,0,0,0,0,3,23,7.67,0,27,19,266,14.0,0,1,1,0,,,27.0,45.9,49.9,36.4,,128,
308,309,"['Virgil Green', 'GreeVi00']",LAC,TE,30,16,16,0,0,0,0,0,0,0,,0,27,19,210,11.05,1,0,0,1,,,27.0,46.0,49.0,36.5,,49,
309,310,"['Colt McCoy', 'McCoCo00']",WAS,QB,32,3,2,34,54,372,3,3,10,63,6.3,0,0,0,0,,0,1,0,0,,,27.0,27.2,33.2,30.2,,46,
310,311,"['Chris Moore', 'MoorCh00']",BAL,WR,25,16,0,0,0,0,0,0,5,17,3.4,0,25,19,196,10.32,1,0,0,1,,,27.0,46.3,49.3,36.8,,126,
311,312,"['Trent Sherfield', 'SherTr00']",ARI,WR,22,13,2,0,0,0,0,0,0,0,,0,28,19,210,11.05,1,0,0,1,,,27.0,46.0,49.0,36.5,,127,
312,313,"['Erik Swoope', 'SwooEr00']",IND,TE,26,7,2,0,0,0,0,0,0,0,,0,10,8,87,10.88,3,0,0,3,,,27.0,34.7,34.7,30.7,,50,
313,314,"['Brandon Bolden', 'BoldBr00']",MIA,RB,28,16,0,0,0,0,0,0,8,91,11.38,2,3,3,13,4.33,1,1,1,3,,,26.0,29.4,30.4,27.9,,88,
314,315,"['Bennie Fowler', 'FowlBe00']",NYG,WR,27,10,5,0,0,0,0,0,0,0,,0,27,16,199,12.44,1,1,0,1,,,26.0,41.9,44.9,33.9,,129,
315,316,"['Brandon LaFell', 'LaFeBr00']",OAK,WR,32,6,5,0,0,0,0,0,0,0,,0,16,12,135,11.25,2,0,0,2,,,26.0,37.5,40.5,31.5,,131,
316,317,['Andre Roberts'],NYJ,WR,30,16,1,0,0,0,0,0,2,20,10.0,0,17,10,79,7.9,1,3,1,3,,,26.0,35.9,36.9,30.9,,130,
317,318,"['Mo Alie-Cox', 'AlieMo00']",IND,TE,25,9,1,0,0,0,0,0,0,0,,0,13,7,133,19.0,2,0,0,2,,,25.0,32.3,35.3,28.8,,52,
318,319,"['Justin Hardy', 'HardJu00']",ATL,WR,27,16,0,0,0,0,0,0,0,0,,0,22,14,133,9.5,2,1,0,2,,,25.0,39.3,42.3,32.3,,132,
319,320,"['Josh Hill', 'HillJo02']",NOR,TE,28,16,11,0,0,0,0,0,0,0,,0,24,16,185,11.56,1,0,0,1,,,25.0,40.5,43.5,32.5,,53,
320,321,"['Cody Latimer', 'LatiCo00']",NYG,WR,26,6,2,0,0,0,0,0,0,0,,0,16,11,190,17.27,1,0,0,1,,,25.0,36.0,39.0,30.5,,133,
321,322,"['Lee Smith', 'SmitLe00']",OAK,TE,31,16,4,0,0,0,0,0,0,0,,0,11,10,73,7.3,3,0,0,3,,,25.0,35.3,35.3,30.3,,51,
322,323,"['Rod Smith', 'SmitRo06']",DAL,RB,26,16,1,0,0,0,0,0,44,127,2.89,1,12,9,60,6.67,0,0,0,1,,,25.0,33.7,36.7,29.2,,89,
323,324,"['Cody Core', 'CoreCo00']",CIN,WR,24,14,3,0,0,0,0,0,0,0,,0,28,13,160,12.31,1,0,0,1,1.0,,24.0,37.0,40.0,30.5,,134,
324,325,"['Tyler Eifert', 'EifeTy00']",CIN,TE,28,4,2,0,0,0,0,0,0,0,,0,19,15,179,11.93,1,0,0,1,,,24.0,38.9,41.9,31.4,,54,
325,326,"['Chad Williams', 'WillCh05']",ARI,WR,24,10,7,0,0,0,0,0,1,9,9.0,0,46,17,171,10.06,1,0,0,1,,,24.0,41.0,44.0,32.5,,135,
326,327,"['Jordan Akins', 'AkinJo00']",HOU,TE,26,16,6,0,0,0,0,0,0,0,,0,25,17,225,13.24,0,0,0,0,,,23.0,39.5,42.5,31.0,,56,
327,328,"['Richie James', 'JameRi00']",SFO,WR,23,13,2,0,0,0,0,0,0,0,,0,14,9,130,14.44,1,2,1,2,,,23.0,32.0,36.0,27.5,,136,
328,329,"['Lance Kendricks', 'KendLa00']",GNB,TE,30,16,3,0,0,0,0,0,0,0,,0,25,19,170,8.95,1,0,0,1,,,23.0,42.0,45.0,32.5,,55,
329,330,"['Austin Carr', 'CarrAu00']",NOR,WR,25,14,2,0,0,0,0,0,0,0,,0,14,9,97,10.78,2,0,0,2,,,22.0,30.7,30.7,26.2,,137,
330,331,"['Hayden Hurst', 'HursHa00']",BAL,TE,25,12,0,0,0,0,0,0,1,0,0.0,0,23,13,163,12.54,1,0,0,1,,,22.0,35.3,38.3,28.8,,57,
331,332,"['Dan Arnold', 'ArnoDa00']",NOR,TE,23,10,1,0,0,0,0,0,0,0,,0,19,12,150,12.5,1,1,0,1,,,21.0,33.0,36.0,27.0,,62,
332,333,"['Marcell Ateman', 'AtemMa00']",OAK,WR,24,7,6,0,0,0,0,0,0,0,,0,31,15,154,10.27,1,0,0,1,,,21.0,36.4,39.4,28.9,,138,
333,334,"['Nick Boyle', 'BoylNi00']",BAL,TE,25,16,13,0,0,0,0,0,0,0,,0,37,23,213,9.26,0,0,0,0,,,21.0,44.3,47.3,32.8,,59,
334,335,"['Garrett Celek', 'CeleGa00']",SFO,TE,30,15,1,0,0,0,0,0,0,0,,0,8,5,90,18.0,2,0,0,2,,,21.0,26.0,26.0,23.5,,61,
335,336,"['Marvin Hall', 'HallMa02']",ATL,WR,25,16,0,0,0,0,0,0,2,0,0.0,0,19,10,149,14.9,1,0,0,1,,,21.0,30.9,33.9,25.9,,139,
336,337,"['Josh McCown', 'McCoJo01']",NYJ,QB,39,4,3,60,110,539,1,4,5,32,6.4,0,0,0,0,,0,0,0,0,,,21.0,20.8,27.8,24.8,,48,
337,338,"[""James O'Shaughnessy"", ""O'ShJa00""]",JAX,TE,26,14,9,0,0,0,0,0,0,0,,0,38,24,214,8.92,0,0,0,0,,,21.0,45.4,48.4,33.4,,58,
338,339,"['Maxx Williams', 'WillMa04']",BAL,TE,24,13,6,0,0,0,0,0,3,8,2.67,0,17,16,143,8.94,1,0,0,1,,,21.0,37.1,40.1,29.1,,60,
339,340,"['Josh Bellamy', 'BellJo02']",CHI,WR,29,16,2,0,0,0,0,0,0,0,,0,25,14,117,8.36,1,0,0,1,1.0,,20.0,33.7,36.7,26.7,,141,
340,341,"['DeAndre Carter', 'CartDe02']",2TM,WR,25,14,4,0,0,0,0,0,1,7,7.0,0,25,22,216,9.82,0,5,1,0,,,20.0,42.3,46.3,31.3,,140,
341,342,"['Brandon Marshall', 'MarsBr00']",SEA,WR,34,7,2,0,0,0,0,0,0,0,,0,23,11,136,12.36,1,0,0,1,,,20.0,30.6,33.6,25.1,,142,
342,343,"['Michael Floyd', 'FloyMi00']",WAS,WR,29,13,3,0,0,0,0,0,0,0,,0,24,10,100,10.0,1,0,0,1,1.0,,18.0,28.0,31.0,23.0,,143,
343,344,"['Mike Gesicki', 'GesiMi00']",MIA,TE,23,16,7,0,0,0,0,0,0,0,,0,32,22,202,9.18,0,1,1,0,,,18.0,40.2,44.2,29.2,,63,
344,345,"['Andy Janovich', 'JanoAn00']",DEN,RB,25,16,7,0,0,0,0,0,2,5,2.5,0,10,8,112,14.0,1,0,0,1,,,18.0,25.7,28.7,21.7,,90,
345,346,"['Zach Line', 'LineZa01']",NOR,RB,28,16,6,0,0,0,0,0,9,41,4.56,0,10,5,14,2.8,2,0,0,2,,,18.0,22.5,22.5,20.0,,91,
346,347,"['Matt Barkley', 'BarkMa00']",BUF,QB,28,1,1,15,25,232,2,0,3,-2,-0.67,0,0,0,0,,0,0,0,0,,,17.0,17.1,17.1,17.1,,49,
347,348,"['Leonte Carroo', 'CarrLe00']",MIA,WR,24,9,0,0,0,0,0,0,1,14,14.0,0,4,2,94,47.0,1,0,0,1,,,17.0,18.8,18.8,17.8,,146,
348,349,"['Alex Erickson', 'EricAl01']",CIN,WR,26,16,6,0,0,0,0,0,3,22,7.33,0,29,20,167,8.35,0,1,1,0,,,17.0,36.9,40.9,26.9,,145,
349,350,"['Darius Jennings', 'JennDa00']",TEN,WR,26,16,0,1,1,21,0,0,1,2,2.0,0,15,11,101,9.18,0,0,0,1,,,17.0,28.1,31.1,22.6,,144,
350,351,"['Jordan Leggett', 'LeggJo00']",NYJ,TE,23,15,4,0,0,0,0,0,0,0,,0,24,14,114,8.14,1,0,0,1,,,17.0,31.4,34.4,24.4,,64,
351,352,"['Charles Clay', 'ClayCh00']",BUF,TE,29,13,12,0,0,0,0,0,0,0,,0,36,21,184,8.76,0,1,1,0,,,16.0,37.4,41.4,26.9,,65,
352,353,"['Andre Holmes', 'HolmAn00']",2TM,WR,30,15,3,0,0,0,0,0,0,0,,0,24,13,162,12.46,0,0,0,0,,,16.0,29.2,32.2,22.7,,148,
353,354,"['Marcus Johnson', 'JohnMa07']",IND,WR,24,5,0,0,0,0,0,0,1,-2,-2.0,0,8,6,102,17.0,1,0,0,1,,,16.0,22.0,25.0,19.0,,150,
354,355,"['Jake Kumerow', 'KumeJa00']",GNB,WR,26,5,2,0,0,0,0,0,0,0,,0,11,8,103,12.88,1,0,0,1,,,16.0,24.3,27.3,20.3,,147,
355,356,"['MyCole Pruitt', 'PruiMy00']",TEN,TE,26,15,1,0,0,0,0,0,0,0,,0,11,9,102,11.33,1,0,0,1,,,16.0,25.2,28.2,20.7,,66,
356,357,['Anthony Sherman'],KAN,RB,30,16,1,0,0,0,0,0,1,2,2.0,0,9,8,96,12.0,1,0,0,1,,,16.0,23.8,23.8,19.8,,92,
357,358,"['Deonte Thompson', 'ThomDe04']",2TM,WR,29,13,6,0,0,0,0,0,0,0,,0,30,17,161,9.47,0,0,0,0,,,16.0,33.1,36.1,24.6,,149,
358,359,"['DJ Chark', 'CharDJ00']",JAX,WR,22,11,0,0,0,0,0,0,0,0,,0,32,14,174,12.43,0,1,1,0,,,15.0,29.4,33.4,22.4,,152,
359,360,"['Brian Hill', 'HillBr02']",ATL,RB,23,10,0,0,0,0,0,0,20,157,7.85,0,2,1,9,9.0,0,1,1,0,,,15.0,15.6,19.6,15.1,,95,
360,361,"['Cameron Meredith', 'MereCa00']",NOR,WR,26,6,1,0,0,0,0,0,0,0,,0,10,9,114,12.67,1,1,1,1,,,15.0,24.4,28.4,19.9,,151,
361,362,"['Taquan Mizzell', 'MizzTa00']",CHI,RB,25,9,1,0,0,0,0,0,9,16,1.78,0,10,8,78,9.75,1,0,0,1,,,15.0,23.4,23.4,19.4,,94,
362,363,"[""Nick O'Leary"", 'OLeaNi00']",MIA,TE,26,12,7,0,0,0,0,0,0,0,,0,10,8,86,10.75,1,0,0,1,,,15.0,22.6,22.6,18.6,,70,
363,364,"['Logan Paulsen', 'PaulLo00']",ATL,TE,31,15,10,0,0,0,0,0,0,0,,0,9,9,91,10.11,1,0,0,1,,,15.0,24.1,24.1,19.6,,67,
364,365,"['Austin Seferian-Jenkins', 'SefeAu00']",JAX,TE,26,5,5,0,0,0,0,0,0,0,,0,19,11,90,8.18,1,0,0,1,,,15.0,26.0,26.0,20.5,,68,
365,366,"['Scott Simonson', 'SimoSc00']",NYG,TE,26,16,4,0,0,0,0,0,0,0,,0,14,9,86,9.56,1,0,0,1,,,15.0,23.6,23.6,19.1,,69,
366,367,"['Vyncint Smith', 'SmitVy00']",HOU,WR,22,7,1,0,0,0,0,0,0,0,,0,10,5,91,18.2,1,0,0,1,,,15.0,20.1,20.1,17.6,,153,
367,368,"['Dwayne Washington', 'WashDw00']",NOR,RB,24,13,0,0,0,0,0,0,27,154,5.7,0,0,0,0,,0,0,0,0,,,15.0,15.4,18.4,15.4,,93,
368,369,"['Alex Armah', 'ArmaAl00']",CAR,RB,24,16,2,0,0,0,0,0,9,15,1.67,2,1,1,5,5.0,0,0,0,2,,,14.0,15.0,15.0,14.5,,97,
369,370,"['Cameron Artis-Payne', 'ArtiCa00']",CAR,RB,28,9,0,0,0,0,0,0,19,69,3.63,1,4,3,15,5.0,0,0,0,1,,,14.0,17.4,17.4,15.9,,96,
370,371,"['Deontay Burnett', 'BurnDe00']",NYJ,WR,21,5,1,0,0,0,0,0,0,0,,0,15,10,143,14.3,0,0,0,0,,,14.0,24.3,27.3,19.3,,155,
371,372,"['Taylor Heinicke', 'HeinTa00']",CAR,QB,25,6,1,35,57,320,1,3,5,31,6.2,0,0,0,0,,0,1,0,0,,,14.0,13.9,19.9,16.9,,50,
372,373,"['Andy Jones', 'JoneAn01']",DET,WR,24,8,3,0,0,0,0,0,0,0,,0,24,11,80,7.27,1,0,0,1,,,14.0,25.0,25.0,19.5,,156,
373,374,"['Ronald Jones', 'JoneRo01']",TAM,RB,21,9,0,0,0,0,0,0,23,44,1.91,1,9,7,33,4.71,0,0,0,1,,,14.0,20.7,20.7,17.2,,98,
374,375,"['Trey Quinn', 'QuinTr00']",WAS,WR,23,3,2,0,0,0,0,0,1,0,0.0,0,10,9,75,8.33,1,0,0,1,,,14.0,22.5,22.5,18.0,,157,
375,376,"['Damion Ratley', 'RatlDa00']",CLE,WR,23,13,3,0,0,0,0,0,0,0,,0,20,13,144,11.08,0,0,0,0,,,14.0,27.4,30.4,20.9,,154,
376,377,"['Robert Tonyan', 'TonyRo00']",GNB,TE,24,16,1,0,0,0,0,0,0,0,,0,6,4,77,19.25,1,0,0,1,,,14.0,17.7,17.7,15.7,,71,
377,378,"['Sam Bradford', 'BradSa00']",ARI,QB,31,3,3,50,80,400,2,4,2,7,3.5,0,0,0,0,,0,3,2,0,,,13.0,12.7,21.7,16.7,,52,
378,379,"['Derek Carrier', 'CarrDe00']",OAK,TE,28,16,2,0,0,0,0,0,0,0,,0,12,7,67,9.57,1,0,0,1,,,13.0,19.7,19.7,16.2,,74,
379,380,"['Seth Devalve', 'DevaSe00']",CLE,TE,25,13,4,0,0,0,0,0,0,0,,0,7,5,74,14.8,1,0,0,1,,,13.0,18.4,18.4,15.9,,72,
380,381,"['Nathan Peterman', 'PeteNa00']",BUF,QB,24,4,2,44,81,296,1,7,10,50,5.0,1,0,0,0,,0,0,0,1,,,13.0,12.8,19.8,19.8,,51,
381,382,"['Brandon Powell', 'PoweBr00']",DET,WR,22,6,1,0,0,0,0,0,1,4,4.0,0,17,11,129,11.73,0,0,0,0,,,13.0,24.3,27.3,18.8,,158,
382,383,"['Adam Shaheen', 'ShahAd00']",CHI,TE,24,6,4,0,0,0,0,0,0,0,,0,6,5,48,9.6,1,0,0,1,1.0,,13.0,17.8,17.8,15.3,,73,
383,384,"['Darrel Williams', 'WillDa10']",KAN,RB,23,6,0,0,0,0,0,0,13,44,3.38,0,3,3,27,9.0,1,0,0,1,,,13.0,16.1,16.1,14.6,,99,
384,385,"['Brice Butler', 'ButlBr00']",2TM,WR,28,8,1,0,0,0,0,0,0,0,,0,10,6,60,10.0,1,0,0,1,,,12.0,18.0,18.0,15.0,,159,
385,386,"['Stevan Ridley', 'RidlSt00']",PIT,RB,29,10,0,0,0,0,0,0,29,80,2.76,1,4,3,18,6.0,0,2,2,1,,,12.0,14.8,16.8,13.3,,100,
386,387,"['Dalton Schultz', 'SchuDa00']",DAL,TE,22,11,7,0,0,0,0,0,0,0,,0,17,12,116,9.67,0,0,0,0,,,12.0,23.6,26.6,17.6,,75,
387,388,"['A.J. Derby', 'DerbA.00']",MIA,TE,27,4,0,0,0,0,0,0,0,0,,0,5,3,48,16.0,1,0,0,1,,,11.0,13.8,13.8,12.3,,77,
388,389,"['Mike Glennon', 'GlenMi00']",ARI,QB,29,2,0,15,21,174,1,0,0,0,,0,0,0,0,,0,0,0,0,,,11.0,11.0,11.0,11.0,,53,
389,390,"['Corey Grant', 'GranCo00']",JAX,RB,27,5,1,0,0,0,0,0,13,40,3.08,0,12,9,67,7.44,0,0,0,0,,,11.0,19.7,19.7,15.2,,101,
390,391,"['Dwayne Harris', 'HarrDw00']",OAK,WR,31,15,1,0,0,0,0,0,2,12,6.0,0,6,6,40,6.67,0,2,0,1,,,11.0,17.2,17.2,14.2,,160,
391,392,"['Tommylee Lewis', 'LewiTo00']",NOR,WR,26,7,3,0,0,0,0,0,2,10,5.0,0,3,3,60,20.0,1,1,1,1,,,11.0,14.0,15.0,12.5,,161,
392,393,"['Chris Manhertz', 'ManhCh00']",CAR,TE,26,16,4,0,0,0,0,0,0,0,,0,5,2,52,26.0,1,0,0,1,,,11.0,13.2,13.2,12.2,,76,
393,394,"['Keith Ford', 'FordKe00']",BUF,RB,24,2,1,0,0,0,0,0,21,79,3.76,0,5,3,21,7.0,0,0,0,0,,,10.0,13.0,13.0,11.5,,104,
394,395,"['John Kelly', 'KellJo00']",LAR,RB,22,4,0,0,0,0,0,0,27,74,2.74,0,3,2,27,13.5,0,0,0,0,,,10.0,12.1,12.1,11.1,,103,
395,396,"['Niles Paul', 'PaulNi00']",JAX,TE,29,6,1,0,0,0,0,0,1,-3,-3.0,0,13,10,98,9.8,0,0,0,0,,,10.0,19.5,19.5,14.5,,80,
396,397,"['Eli Rogers', 'RogeEl00']",PIT,WR,26,3,3,0,0,0,0,0,1,-4,-4.0,0,14,12,79,6.58,0,1,0,0,1.0,,10.0,21.5,21.5,15.5,,163,
397,398,"['Jeremy Sprinkle', 'SpriJe00']",WAS,TE,24,16,9,0,0,0,0,0,0,0,,0,9,5,41,8.2,1,0,0,1,,,10.0,15.1,15.1,12.6,,78,
398,399,"[""De'Anthony Thomas"", 'ThomDe05']",KAN,WR,25,5,0,0,0,0,0,0,1,6,6.0,0,5,3,29,9.67,1,1,0,1,,,10.0,12.5,12.5,11.0,,162,
399,400,"['Darren Waller', 'WallDa01']",OAK,TE,26,4,0,0,0,0,0,0,1,21,21.0,0,6,6,75,12.5,0,0,0,0,,,10.0,15.6,15.6,12.6,,79,
400,401,"['DeAndre Washington', 'WashDe00']",OAK,RB,25,10,0,0,0,0,0,0,30,115,3.83,0,1,1,9,9.0,0,1,1,0,,,10.0,11.4,15.4,10.9,,102,
401,402,"['Charcandrick West', 'WestCh01']",KAN,RB,27,3,0,0,0,0,0,0,2,-1,-0.5,0,3,2,37,18.5,1,0,0,1,,,10.0,11.6,11.6,10.6,,105,
402,403,"['Jake Butt', 'ButtJa00']",DEN,TE,23,3,3,0,0,0,0,0,0,0,,0,13,8,85,10.63,0,0,0,0,,,9.0,16.5,16.5,12.5,,82,
403,404,"[""D'Onta Foreman"", 'ForeDO00']",HOU,RB,22,1,0,0,0,0,0,0,7,-1,-0.14,0,2,2,28,14.0,1,1,0,1,,,9.0,10.7,10.7,9.7,,108,
404,405,"['Devonta Freeman', 'FreeDe00']",ATL,RB,26,2,2,0,0,0,0,0,14,68,4.86,0,7,5,23,4.6,0,0,0,0,,,9.0,14.1,14.1,11.6,,107,
405,406,"['C.J. Ham', 'HamxC.00']",MIN,RB,25,15,2,0,0,0,0,0,6,8,1.33,0,15,11,85,7.73,0,0,0,0,,,9.0,20.3,20.3,14.8,,106,
406,407,"['Dontrell Hilliard', 'HillDo00']",CLE,RB,23,11,0,0,1,0,0,1,0,0,,0,10,9,105,11.67,0,0,0,0,,,9.0,17.5,21.5,14.0,,109,
407,408,"['Kevin White', 'WhitKe00']",CHI,WR,26,9,0,0,0,0,0,0,0,0,,0,8,4,92,23.0,0,0,0,0,,,9.0,13.2,13.2,11.2,,164,
408,409,"['Luke Willson', 'WillLu00']",DET,TE,28,14,8,0,0,0,0,0,0,0,,0,19,13,87,6.69,0,0,0,0,,,9.0,21.7,21.7,15.2,,81,
409,410,"['Cameron Batson', 'BatsCa00']",TEN,WR,23,11,2,0,0,0,0,0,1,1,1.0,0,11,8,82,10.25,0,1,0,0,,,8.0,16.3,16.3,12.3,,165,
410,411,"['Corey Coleman', 'ColeCo00']",NYG,WR,24,8,1,0,0,0,0,0,1,5,5.0,0,8,5,71,14.2,0,0,0,0,,,8.0,12.6,12.6,10.1,,166,
411,412,"['Tyler Conklin', 'ConkTy00']",MIN,TE,23,16,3,0,0,0,0,0,0,0,,0,7,5,77,15.4,0,0,0,0,,,8.0,12.7,12.7,10.2,,84,
412,413,"['Matt Lengel', 'LengMa00']",CIN,TE,28,11,2,0,0,0,0,0,0,0,,0,8,3,17,5.67,1,0,0,1,,,8.0,10.7,10.7,9.2,,85,
413,414,"['Elijhaa Penny', 'PennEl00']",NYG,RB,25,14,3,0,0,0,0,0,7,25,3.57,0,9,8,50,6.25,0,0,0,0,,,8.0,15.5,15.5,11.5,,111,
414,415,"['Logan Thomas', 'ThomLo00']",BUF,TE,27,12,3,1,1,15,0,0,0,0,,0,17,12,77,6.42,0,0,0,0,,,8.0,20.3,20.3,14.3,,83,
415,416,"['Mark Walton', 'WaltMa00']",CIN,RB,21,14,0,0,0,0,0,0,14,34,2.43,0,8,5,41,8.2,0,0,0,0,,,8.0,12.5,12.5,10.0,,110,
416,417,"['Derek Anderson', 'AndeDe00']",BUF,QB,35,2,2,42,70,465,0,4,1,-1,-1.0,0,0,0,0,,0,3,2,0,,,7.0,6.5,15.5,10.5,,55,
417,418,"['Kenjon Barner', 'BarnKe00']",2TM,RB,28,9,0,0,0,0,0,0,19,71,3.74,0,1,1,3,3.0,0,1,0,0,,,7.0,8.4,8.4,7.9,,112,
418,419,"['Blake Bell', 'BellBl00']",JAX,TE,27,10,4,0,0,0,0,0,0,0,,0,11,8,67,8.38,0,0,0,0,,,7.0,14.7,14.7,10.7,,89,
419,420,"['Teddy Bridgewater', 'BridTe00']",NOR,QB,26,5,1,14,23,118,1,1,11,5,0.45,0,0,0,0,,0,0,0,0,,,7.0,7.2,8.2,8.2,,54,
420,421,"['Patrick DiMarco', 'DiMaPa00']",BUF,RB,29,16,5,0,0,0,0,0,1,9,9.0,0,4,3,62,20.67,0,0,0,0,,,7.0,10.1,10.1,8.6,,113,
421,422,"['Jermaine Gresham', 'GresJe00']",ARI,TE,30,13,11,0,0,0,0,0,0,0,,0,12,9,94,10.44,0,1,1,0,,,7.0,16.4,17.4,11.9,,86,
422,423,"['Xavier Grimble', 'GrimXa00']",PIT,TE,26,16,2,0,0,0,0,0,0,0,,0,8,6,86,14.33,0,1,1,0,,,7.0,12.6,13.6,9.6,,90,
423,424,"['Detrez Newsome', 'NewsDe00']",LAC,RB,24,9,0,0,0,0,0,0,11,49,4.45,0,2,2,19,9.5,0,0,0,0,,,7.0,8.8,8.8,7.8,,114,
424,425,"['Joshua Perkins', 'PerkJo02']",PHI,TE,25,9,1,0,0,0,0,0,0,0,,0,11,5,67,13.4,0,0,0,0,,,7.0,11.7,11.7,9.2,,88,
425,426,"['Eric Tomlinson', 'TomlEr01']",NYJ,TE,26,15,12,0,0,0,0,0,0,0,,0,14,8,72,9.0,0,0,0,0,,,7.0,15.2,15.2,11.2,,87,
426,427,"['Russell Gage', 'GageRu00']",ATL,WR,22,15,0,0,0,0,0,0,0,0,,0,10,6,63,10.5,0,0,0,0,,,6.0,12.3,12.3,9.3,,168,
427,428,"['David Grinnage', 'GrinDa00']",JAX,TE,24,4,2,0,0,0,0,0,0,0,,0,8,6,61,10.17,0,0,0,0,,,6.0,12.1,12.1,9.1,,92,
428,429,"['Ryan Hewitt', 'HewiRy00']",IND,TE,27,12,2,0,0,0,0,0,0,0,,0,2,1,1,1.0,1,0,0,1,,,6.0,7.1,7.1,6.6,,91,
429,430,"['JJ Nelson', 'NelsJJ00']",ARI,WR,26,14,2,0,0,0,0,0,4,0,0.0,0,19,7,64,9.14,0,0,0,0,,,6.0,13.4,13.4,9.9,,167,
430,431,"['Bradley Sowell', 'SoweBr00']",CHI,RB,29,16,1,0,0,0,0,0,0,0,,0,2,1,2,2.0,1,0,0,1,,,6.0,7.2,7.2,6.7,,115,
431,432,"['Derrick Willies', 'WillDe06']",CLE,WR,24,5,0,0,0,0,0,0,0,0,,0,5,3,61,20.33,0,1,0,0,,,6.0,9.1,9.1,7.6,,169,
432,433,"['Kamar Aiken', 'AikeKa00']",PHI,WR,29,5,1,0,0,0,0,0,0,0,,0,7,6,53,8.83,0,0,0,0,,,5.0,11.3,11.3,8.3,,171,
433,434,"['Antony Auclair', 'AuclAn00']",TAM,TE,25,16,10,0,0,0,0,0,0,0,,0,8,7,48,6.86,0,0,0,0,,,5.0,11.8,11.8,8.3,,96,
434,435,"['Mike Boone', 'BoonMi00']",MIN,RB,23,8,0,0,0,0,0,0,11,47,4.27,0,3,2,1,0.5,0,0,0,0,,,5.0,6.8,6.8,5.8,,117,
435,436,"['Noah Brown', 'BrowNo00']",DAL,WR,22,8,2,0,0,0,0,0,0,0,,0,8,5,54,10.8,0,0,0,0,,,5.0,10.4,10.4,7.9,,170,
436,437,"['Rico Gathers', 'GathRi00']",DAL,TE,24,15,4,0,0,0,0,0,0,0,,0,7,3,45,15.0,0,0,0,0,,,5.0,7.5,7.5,6.0,,99,
437,438,"['Shelton Gibson', 'GibsSh00']",PHI,WR,23,15,0,0,0,0,0,0,0,0,,0,3,1,48,48.0,0,0,0,0,,,5.0,5.8,5.8,5.3,,173,
438,439,"['Jacob Hollister', 'HollJa03']",NWE,TE,25,8,1,0,0,0,0,0,0,0,,0,5,4,52,13.0,0,0,0,0,,,5.0,9.2,9.2,7.2,,94,
439,440,"['DeShone Kizer', 'KizeDe00']",GNB,QB,22,3,0,20,42,187,0,2,5,39,7.8,0,0,0,0,,0,1,1,0,,,5.0,5.4,8.4,7.4,,56,
440,441,"['Eric Saubert', 'SaubEr00']",ATL,TE,24,16,1,0,0,0,0,0,0,0,,0,9,5,48,9.6,0,0,0,0,,,5.0,9.8,9.8,7.3,,97,
441,442,"['Durham Smythe', 'SmytDu00']",MIA,TE,23,15,2,0,0,0,0,0,0,0,,0,11,6,50,8.33,0,0,0,0,,,5.0,11.0,11.0,8.0,,95,
442,443,"['Neal Sterling', 'SterNe00']",NYJ,TE,26,5,4,0,0,0,0,0,0,0,,0,8,6,47,7.83,0,0,0,0,,,5.0,10.7,10.7,7.7,,98,
443,444,"['Nate Sudfeld', 'SudfNa00']",PHI,QB,25,2,0,1,2,22,1,0,2,-2,-1.0,0,0,0,0,,0,0,0,0,,,5.0,4.7,4.7,4.7,,57,
444,445,"['Roc Thomas', 'ThomRo05']",MIN,RB,23,5,0,0,0,0,0,0,8,30,3.75,0,4,2,21,10.5,0,0,0,0,,,5.0,7.1,7.1,6.1,,116,
445,446,"['Delanie Walker', 'WalkHu00']",TEN,TE,34,1,1,0,0,0,0,0,0,0,,0,7,4,52,13.0,0,0,0,0,,,5.0,9.2,9.2,7.2,,93,
446,447,"['Jesus Wilson', 'WilsJe00']",TAM,WR,23,5,0,0,0,0,0,0,0,0,,0,5,4,52,13.0,0,0,0,0,,,5.0,9.2,9.2,7.2,,172,
447,448,"['Chad Beebe', 'BeebCh00']",MIN,WR,24,3,0,0,0,0,0,0,0,0,,0,4,4,39,9.75,0,0,0,0,,,4.0,7.9,7.9,5.9,,176,
448,449,"['Tommy Bohanon', 'BohaTo00']",JAX,RB,28,16,6,0,0,0,0,0,1,0,0.0,0,9,6,41,6.83,0,0,0,0,,,4.0,10.1,10.1,7.1,,119,
449,450,"['Ben Braunecker', 'BrauBe00']",CHI,TE,24,15,2,0,0,0,0,0,0,0,,0,5,3,42,14.0,0,0,0,0,,,4.0,7.2,7.2,5.7,,100,
450,451,"['Jawill Davis', 'DaviJa07']",NYG,WR,23,7,0,0,0,0,0,0,0,0,,0,8,4,40,10.0,0,0,0,0,,,4.0,8.0,8.0,6.0,,174,
451,452,"['Tyler Ervin', 'ErviTy00']",HOU,RB,25,9,0,0,0,0,0,0,0,0,,0,3,3,35,11.67,0,1,0,0,,,4.0,6.5,6.5,5.0,,125,
452,453,"['Jordan Franks', 'FranJo03']",CIN,TE,22,6,0,0,0,0,0,0,0,0,,0,3,2,37,18.5,0,0,0,0,,,4.0,5.7,5.7,4.7,,103,
453,454,"['Rashad Greene', 'GreeRa00']",JAX,WR,26,8,1,0,0,0,0,0,0,0,,0,8,6,60,10.0,0,2,1,0,,,4.0,10.0,11.0,7.0,,175,
454,455,"['Tyler Kroft', 'KrofTy00']",CIN,TE,26,5,2,0,0,0,0,0,0,0,,0,6,4,36,9.0,0,0,0,0,,,4.0,7.6,7.6,5.6,,104,
455,456,"['Marcedes Lewis', 'LewiMa00']",GNB,TE,34,16,4,0,0,0,0,0,0,0,,0,4,3,39,13.0,0,0,0,0,,,4.0,6.9,6.9,5.4,,101,
456,457,"['T.J. Logan', 'LogaT.00']",ARI,RB,24,10,0,0,0,0,0,0,2,2,1.0,0,7,7,37,5.29,0,0,0,0,,,4.0,10.9,10.9,7.4,,121,
457,458,"['Tre Madden', 'MaddTr01']",SEA,RB,25,14,3,0,0,0,0,0,3,3,1.0,0,3,2,35,17.5,0,0,0,0,,,4.0,5.8,5.8,4.8,,122,
458,459,"['Byron Marshall', 'MarsBy01']",WAS,RB,24,6,0,0,0,0,0,0,3,9,3.0,0,6,4,30,7.5,0,0,0,0,,,4.0,7.9,7.9,5.9,,120,
459,460,"['David Morgan', 'MorgDa01']",MIN,TE,25,11,6,0,0,0,0,0,0,0,,0,6,5,36,7.2,0,0,0,0,,,4.0,8.6,8.6,6.1,,105,
460,461,"['Roosevelt Nix', 'NixxRo01']",PIT,RB,26,16,0,0,0,0,0,0,1,4,4.0,0,6,4,38,9.5,0,0,0,0,,,4.0,8.2,8.2,6.2,,118,
461,462,"['Samaje Perine', 'PeriSa00']",WAS,RB,23,5,0,0,0,0,0,0,8,32,4.0,0,4,3,5,1.67,0,0,0,0,,,4.0,6.7,6.7,5.2,,123,
462,463,"['John Phillips', 'PhilJo00']",ARI,TE,31,8,4,0,0,0,0,0,0,0,,0,3,3,38,12.67,0,0,0,0,,,4.0,6.8,6.8,5.3,,102,
463,464,"['Auden Tate', 'TateAu00']",CIN,WR,21,7,0,0,0,0,0,0,0,0,,0,12,4,35,8.75,0,0,0,0,,,4.0,7.5,7.5,5.5,,178,
464,465,"['Jalen Tolliver', 'TollJa00']",ARI,WR,23,3,1,0,0,0,0,0,0,0,,0,6,3,37,12.33,0,0,0,0,,,4.0,6.7,6.7,5.2,,177,
465,466,"['David Williams', 'WillDa011']",JAX,RB,24,6,0,0,0,0,0,0,8,36,4.5,0,0,0,0,,0,0,0,0,,,4.0,3.6,3.6,3.6,,124,
466,467,"['Dwayne Allen', 'AlleDw00']",NWE,TE,28,13,8,0,0,0,0,0,0,0,,0,4,3,27,9.0,0,0,0,0,,,3.0,5.7,5.7,4.2,,107,
467,468,"['Benny Cunningham', 'CunnBe01']",CHI,RB,28,15,0,0,0,0,0,0,11,20,1.82,0,2,1,9,9.0,0,0,0,0,,,3.0,3.9,3.9,3.4,,129,
468,469,"['Mike Gillislee', 'GillMi00']",NOR,RB,28,4,0,0,0,0,0,0,16,43,2.69,0,1,1,9,9.0,0,1,1,0,,,3.0,4.2,5.2,3.7,,127,
469,470,"['Jeremy Hill', 'HillJe01']",NWE,RB,26,1,0,0,0,0,0,0,4,25,6.25,0,1,1,6,6.0,0,0,0,0,,,3.0,4.1,4.1,3.6,,128,
470,471,"['Jeremy Langford', 'LangJe00']",ATL,RB,27,1,0,0,0,0,0,0,9,25,2.78,0,0,0,0,,0,0,0,0,,,3.0,2.5,2.5,2.5,,130,
471,472,"['Brian Parker', 'ParkBr00']",DEN,TE,26,13,1,0,0,0,0,0,0,0,,0,10,5,33,6.6,0,0,0,0,,,3.0,8.3,8.3,5.8,,106,
472,473,"['Charone Peake', 'PeakCh00']",NYJ,WR,26,13,0,0,0,0,0,0,0,0,,0,3,2,25,12.5,0,0,0,0,,,3.0,4.5,4.5,3.5,,180,
473,474,"['Shaun Wilson', 'WilsSh01']",TAM,RB,23,5,0,0,0,0,0,0,6,29,4.83,0,5,3,5,1.67,0,0,0,0,,,3.0,6.4,6.4,4.9,,126,
474,475,"['Javon Wims', 'WimsJa00']",CHI,WR,24,4,0,0,0,0,0,0,0,0,,0,5,4,32,8.0,0,0,0,0,,,3.0,7.2,7.2,5.2,,179,
475,476,"['Nick Bellore', 'BellNi01']",DET,RB,29,14,4,0,0,0,0,0,1,0,0.0,0,4,4,15,3.75,0,0,0,0,,,2.0,5.5,5.5,3.5,,141,
476,477,"['Travaris Cadet', 'CadeTr00']",CAR,RB,29,1,0,0,0,0,0,0,11,17,1.55,0,1,1,5,5.0,0,0,0,0,,,2.0,3.2,3.2,2.7,,132,
477,478,"['Matt Cassel', 'CassMa00']",DET,QB,36,2,0,7,17,59,0,1,2,13,6.5,0,0,0,0,,0,0,0,0,,,2.0,1.7,2.7,2.7,,58,
478,479,"['Orson Charles', 'CharOr00']",CLE,TE,27,13,2,0,0,0,0,0,0,0,,0,5,3,23,7.67,0,0,0,0,,,2.0,5.3,5.3,3.8,,109,
479,480,"['Derrick Coleman', 'ColeDe00']",ARI,RB,28,16,4,0,0,0,0,0,2,3,1.5,0,3,2,17,8.5,0,0,0,0,,,2.0,4.0,4.0,3.0,,134,
480,481,"['River Cracraft', 'CracRi00']",DEN,WR,24,8,0,0,0,0,0,0,0,0,,0,2,1,44,44.0,0,1,1,0,,,2.0,3.4,4.4,2.9,,182,
481,482,"['Sean Culkin', 'CulkSe00']",LAC,TE,25,13,10,0,0,0,0,0,0,0,,0,1,1,24,24.0,0,0,0,0,,,2.0,3.4,3.4,2.9,,108,
482,483,"['Justin Davis', 'DaviJu00']",LAR,RB,23,11,0,0,0,0,0,0,2,19,9.5,0,0,0,0,,0,0,0,0,,,2.0,1.9,1.9,1.9,,135,
483,484,"['Gehrig Dieter', 'DietGe00']",KAN,WR,25,4,0,0,0,0,0,0,0,0,,0,3,1,22,22.0,0,0,0,0,,,2.0,3.2,3.2,2.7,,184,
484,485,"['David Fluellen', 'FlueDa00']",TEN,RB,26,7,0,0,0,0,0,0,4,16,4.0,0,0,0,0,,0,0,0,0,,,2.0,1.6,1.6,1.6,,138,
485,486,"['Garrett Gilbert', 'GilbGa01']",CAR,QB,27,1,0,2,3,40,0,0,0,0,,0,0,0,0,,0,0,0,0,,,2.0,1.6,1.6,1.6,,59,
486,487,"['KhaDarel Hodge', 'HodgKh00']",LAR,WR,23,14,0,0,0,0,0,0,0,0,,0,3,2,17,8.5,0,0,0,0,,,2.0,3.7,3.7,2.7,,190,
487,488,"['Justin Hunter', 'HuntJu00']",PIT,WR,27,5,0,0,0,0,0,0,0,0,,0,13,3,21,7.0,0,0,0,0,,,2.0,5.1,5.1,3.6,,185,
488,489,"['Darius Jackson', 'JackDa01']",2TM,RB,25,4,0,0,0,0,0,0,6,16,2.67,0,1,0,0,,0,0,0,0,,,2.0,1.6,1.6,1.6,,139,
489,490,"['Rishard Matthews', 'MattRi00']",2TM,WR,29,8,0,0,0,0,0,0,0,0,,0,9,5,24,4.8,0,0,0,0,,,2.0,7.4,7.4,4.9,,181,
490,491,"['Ray-Ray McCloud', 'McClRa00']",BUF,WR,22,10,1,0,0,0,0,0,2,4,2.0,0,6,5,36,7.2,0,2,1,0,,,2.0,7.0,8.0,4.5,,186,
491,492,"['C.J. Prosise', 'ProsC.00']",SEA,RB,24,5,0,0,0,0,0,0,1,-3,-3.0,0,3,3,22,7.33,0,0,0,0,,,2.0,4.9,4.9,3.4,,136,
492,493,"['Brian Quick', 'QuicBr00']",WAS,WR,29,6,3,0,0,0,0,0,0,0,,0,3,3,18,6.0,0,0,0,0,,,2.0,4.8,4.8,3.3,,189,
493,494,"['Keith Smith', 'SmitKe03']",OAK,RB,26,16,3,0,0,0,0,0,1,0,0.0,0,6,5,23,4.6,0,0,0,0,,,2.0,7.3,7.3,4.8,,131,
494,495,"['Jonathan Stewart', 'StewJo00']",NYG,RB,31,3,0,0,0,0,0,0,6,17,2.83,0,0,0,0,,0,0,0,0,,,2.0,1.7,1.7,1.7,,137,
495,496,"['Tyrone Swoopes', 'SwooTy00']",SEA,TE,24,1,1,0,0,0,0,0,0,0,,0,1,1,23,23.0,0,0,0,0,,,2.0,3.3,3.3,2.8,,110,
496,497,"[""De'Lance Turner"", 'TurnDe01']",BAL,RB,23,4,0,0,0,0,0,0,1,4,4.0,0,2,2,17,8.5,0,0,0,0,,,2.0,4.1,4.1,3.1,,133,
497,498,"['Malik Turner', 'TurnMa00']",SEA,WR,22,6,0,0,0,0,0,0,0,0,,0,3,2,20,10.0,0,0,0,0,,,2.0,4.0,4.0,3.0,,187,
498,499,"['Brandon Wilds', 'WildBr01']",JAX,RB,25,3,0,0,0,0,0,0,6,15,2.5,0,0,0,0,,0,0,0,0,,,2.0,1.5,1.5,1.5,,140,
499,500,"['Nick Williams', 'WillNi02']",2TM,WR,28,4,0,0,0,0,0,0,0,0,,0,5,2,17,8.5,0,0,0,0,,,2.0,3.7,3.7,2.7,,191,
500,501,"['Terrance Williams', 'WillTe01']",DAL,WR,29,3,2,0,0,0,0,0,0,0,,0,3,2,18,9.0,0,0,0,0,,,2.0,3.8,3.8,2.8,,188,
501,502,"['Brandon Zylstra', 'ZylsBr00']",MIN,WR,25,16,0,0,0,0,0,0,0,0,,0,2,1,23,23.0,0,0,0,0,,,2.0,3.3,3.3,2.8,,183,
502,503,"['Ameer Abdullah', 'AbduAm00']",2TM,RB,25,10,0,0,0,0,0,0,1,1,1.0,0,4,3,28,9.33,0,1,1,0,,,1.0,3.9,4.9,2.4,,146,
503,504,"['Victor Bolden', 'BoldVi00']",2TM,WR,23,6,0,0,0,0,0,0,0,0,,0,4,1,10,10.0,0,0,0,0,,,1.0,2.0,2.0,1.5,,196,
504,505,"['Michael Burton', 'BurtMi00']",CHI,RB,26,8,1,0,0,0,0,0,0,0,,0,1,1,6,6.0,0,0,0,0,,,1.0,1.6,1.6,1.1,,151,
505,506,"['Damiere Byrd', 'ByrdDa00']",CAR,WR,25,8,0,0,0,0,0,0,0,0,,0,2,1,8,8.0,0,0,0,0,,,1.0,1.8,1.8,1.3,,198,
506,507,"['Jamaal Charles', 'CharJa00']",JAX,RB,32,2,0,0,0,0,0,0,6,7,1.17,0,3,2,7,3.5,0,0,0,0,,,1.0,3.4,3.4,2.4,,142,
507,508,"['Sammie Coates', 'CoatSa00']",HOU,WR,25,12,0,0,0,0,0,0,0,0,,0,2,1,12,12.0,0,0,0,0,,,1.0,2.2,2.2,1.7,,193,
508,509,"['Alan Cross', 'CrosAl00']",TAM,TE,25,14,3,0,0,0,0,0,0,0,,0,5,2,9,4.5,0,0,0,0,,,1.0,2.9,2.9,1.9,,114,
509,510,"['Joshua Dobbs', 'DobbJo00']",PIT,QB,23,5,0,6,12,43,0,1,4,11,2.75,0,0,0,0,,0,0,0,0,,,1.0,0.8,1.8,1.8,,63,
510,511,"['Ross Dwelley', 'DwelRo00']",SFO,TE,23,11,0,0,0,0,0,0,0,0,,0,2,2,14,7.0,0,0,0,0,,,1.0,3.4,3.4,2.4,,111,
511,512,"['Matt Flanagan', 'FlanMa00']",WAS,TE,23,3,1,0,0,0,0,0,0,0,,0,1,1,14,14.0,0,0,0,0,,,1.0,2.4,2.4,1.9,,112,
512,513,"['Robert Griffin', 'GrifRo01']",BAL,QB,28,3,0,2,6,21,0,0,0,0,,0,0,0,0,,0,0,0,0,,,1.0,0.8,0.8,0.8,,62,
513,514,"['Justin Hardee', 'HardJu01']",NOR,WR,24,16,0,0,0,0,0,0,0,0,,0,1,1,10,10.0,0,0,0,0,,,1.0,2.0,2.0,1.5,,195,
514,515,"['Keon Hatcher', 'HatcKe00']",OAK,WR,24,3,0,0,0,0,0,0,0,0,,0,2,1,8,8.0,0,0,0,0,,,1.0,1.8,1.8,1.3,,199,
515,516,"['Chad Henne', 'HennCh01']",KAN,QB,33,1,0,2,3,29,0,0,1,3,3.0,0,0,0,0,,0,0,0,0,,,1.0,1.5,1.5,1.5,,60,
516,517,"['Robert Kelley', 'KellRo00']",WAS,RB,26,2,0,0,0,0,0,0,4,8,2.0,0,0,0,0,,0,0,0,0,,,1.0,0.8,0.8,0.8,,149,
517,518,"['Marcus Kemp', 'KempMa00']",KAN,WR,23,16,0,0,0,0,0,0,0,0,,0,2,1,7,7.0,0,0,0,0,,,1.0,1.7,1.7,1.2,,201,
518,519,"['Jeremy Kerley', 'KerlJe00']",BUF,WR,30,1,1,0,0,0,0,0,0,0,,0,4,2,7,3.5,0,0,0,0,,,1.0,2.7,2.7,1.7,,202,
519,520,"['Darvin Kidsy', 'KidsDa00']",WAS,WR,23,2,0,0,0,0,0,0,0,0,,0,2,1,8,8.0,0,0,0,0,,,1.0,1.8,1.8,1.3,,200,
520,521,"['Allen Lazard', 'LazaAl00']",GNB,WR,23,1,0,0,0,0,0,0,0,0,,0,1,1,7,7.0,0,0,0,0,,,1.0,1.7,1.7,1.2,,203,
521,522,"['Khari Lee', 'LeexKh00']",BUF,TE,26,2,0,0,0,0,0,0,0,0,,0,1,1,5,5.0,0,0,0,0,,,1.0,1.5,1.5,1.0,,117,
522,523,"['Josh Malone', 'MaloJo00']",CIN,WR,22,9,0,0,0,0,0,0,0,0,,0,5,1,12,12.0,0,0,0,0,,,1.0,2.2,2.2,1.7,,194,
523,524,"['J.D. McKissic', 'McKiJ.00']",SEA,RB,25,5,0,0,0,0,0,0,3,8,2.67,0,1,0,0,,0,0,0,0,,,1.0,0.8,0.8,0.8,,150,
524,525,"['Jeremy McNichols', 'McNiJe00']",2TM,RB,23,2,0,0,0,0,0,0,4,8,2.0,0,0,0,0,,0,0,0,0,,,1.0,0.8,0.8,0.8,,148,
525,526,"['Christine Michael', 'MichCh00']",IND,RB,28,1,0,0,0,0,0,0,2,9,4.5,0,0,0,0,,0,0,0,0,,,1.0,0.9,0.9,0.9,,147,
526,527,"['Johnny Mundt', 'MundJo00']",LAR,TE,24,10,0,0,0,0,0,0,0,0,,0,1,1,5,5.0,0,0,0,0,,,1.0,1.5,1.5,1.0,,118,
527,528,"['Jamize Olawale', 'OlawJa00']",DAL,RB,29,16,4,0,0,0,0,0,0,0,,0,4,2,13,6.5,0,0,0,0,,,1.0,3.3,3.3,2.3,,144,
528,529,"['Ricky Ortiz', 'OrtiRi00']",ATL,RB,24,12,9,0,0,0,0,0,0,0,,0,4,3,11,3.67,0,0,0,0,,,1.0,4.1,4.1,2.6,,145,
529,530,"['Cam Phillips', 'PhilCa01']",BUF,WR,23,2,0,0,0,0,0,0,0,0,,0,1,1,9,9.0,0,0,0,0,,,1.0,1.9,1.9,1.4,,197,
530,531,"['Richard Rodgers', 'RodgRi00']",PHI,TE,26,7,0,0,0,0,0,0,0,0,,0,1,1,7,7.0,0,0,0,0,,,1.0,1.7,1.7,1.2,,116,
531,532,"['Dion Sims', 'SimsDi00']",CHI,TE,27,8,4,0,0,0,0,0,0,0,,0,4,2,9,4.5,0,0,0,0,,,1.0,2.9,2.9,1.9,,115,
532,533,"['Hakeem Valles', 'VallHa00']",DET,TE,26,3,0,0,0,0,0,0,0,0,,0,3,2,11,5.5,0,0,0,0,,,1.0,3.1,3.1,2.1,,113,
533,534,"['Justin Watson', 'WatsJu01']",TAM,WR,23,12,0,0,0,0,0,0,0,0,,0,3,1,5,5.0,0,0,0,0,,,1.0,1.5,1.5,1.0,,204,
534,535,"['Derek Watt', 'WattDe00']",LAC,RB,26,16,5,0,0,0,0,0,4,11,2.75,0,1,1,2,2.0,0,0,0,0,,,1.0,2.3,2.3,1.8,,143,
535,536,"['Joe Webb', 'WebbJo00']",HOU,QB,32,16,0,0,0,0,0,0,0,0,,0,3,2,13,6.5,0,0,0,0,,,1.0,3.3,3.3,2.3,,61,
536,537,"['Tim White', 'WhitTi00']",BAL,WR,24,3,0,0,0,0,0,0,0,0,,0,1,1,14,14.0,0,1,0,0,,,1.0,2.4,2.4,1.9,,192,
537,538,"['Saeed Blacknall', 'BlacSa00']",OAK,,22,1,0,0,0,0,0,0,0,0,,0,0,0,0,,0,0,0,0,,,,,,,,222,
538,539,"['Daniel Brown', 'BrowDa04']",CHI,,26,14,0,0,0,0,0,0,0,0,,0,0,0,0,,0,0,0,0,,,,,,,,125,
539,540,"['Deante Burton', 'BurtDe00']",2TM,,24,3,0,0,0,0,0,0,0,0,,0,0,0,0,,0,0,0,0,,,,,,,,223,
540,541,"['Jehu Chesson', 'ChesJe00']",WAS,WR,25,12,0,0,0,0,0,0,1,-4,-4.0,0,2,1,7,7.0,0,0,0,0,,,,1.3,1.3,0.8,,205,
541,542,"['Lavon Coleman', 'ColeLa02']",GNB,,24,1,0,0,0,0,0,0,0,0,,0,0,0,0,,0,0,0,0,,,,,,,,158,
542,543,"['Stacy Coley', 'ColeSt00']",2TM,,24,3,0,0,0,0,0,0,0,0,,0,1,0,0,,0,1,0,0,,,,,,,,224,
543,544,"['Pharoh Cooper', 'CoopPh00']",2TM,,23,7,0,0,0,0,0,0,0,0,,0,1,0,0,,0,1,0,0,,,,,,,,225,
544,545,"['Jerome Cunningham', 'CunnJe00']",DET,,27,3,0,0,0,0,0,0,0,0,,0,1,0,0,,0,0,0,0,,,,,,,,129,
545,546,"['Darrell Daniels', 'DaniDa02']",2TM,,24,11,3,0,0,0,0,0,0,0,,0,2,0,0,,0,0,0,0,,,,,,,,122,
546,547,"['Geremy Davis', 'DaviGe00']",LAC,,26,14,0,0,0,0,0,0,0,0,,0,1,0,0,,0,0,0,0,,,,,,,,214,
547,548,"['Trevor Davis', 'DaviTr03']",GNB,,25,2,0,0,0,0,0,0,0,0,,0,0,0,0,,0,0,0,0,,,,,,,,230,
548,549,"['Dalyn Dawkins', 'DawkDa01']",TEN,,24,2,0,0,0,0,0,0,0,0,,0,0,0,0,,0,0,0,0,,,,,,,,161,
549,550,"['Matthew Dayes', 'DayeMa00']",SFO,,24,7,0,0,0,0,0,0,0,0,,0,0,0,0,,0,0,0,0,,,,,,,,154,
550,551,"['Garrett Dickerson', 'DickGa00']",NYG,,23,4,0,0,0,0,0,0,0,0,,0,0,0,0,,0,0,0,0,,,,,,,,130,
551,552,"['Quinton Dunbar', 'DunbQu00']",WAS,,26,7,6,0,0,0,0,0,0,0,,0,0,0,0,,0,0,0,0,,,,,,,,227,
552,553,"['Steven Dunbar', 'DunbSt00']",SFO,,23,1,0,0,0,0,0,0,0,0,,0,0,0,0,,0,0,0,0,,,,,,,,236,
553,554,"['Malachi Dupre', 'DuprMa01']",ARI,,23,1,0,0,0,0,0,0,0,0,,0,0,0,0,,0,0,0,0,,,,,,,,231,
554,555,"['Trey Edmunds', 'EdmuTr00']",PIT,,24,4,0,0,0,0,0,0,0,0,,0,0,0,0,,0,0,0,0,,,,,,,,162,
555,556,"['Alex Ellis', 'ElliAl01']",KAN,,25,2,0,0,0,0,0,0,0,0,,0,0,0,0,,0,0,0,0,,,,,,,,132,
556,557,"['Donnie Ernsberger', 'ErnsDo00']",TAM,,22,2,0,0,0,0,0,0,0,0,,0,0,0,0,,0,0,0,0,,,,,,,,120,
557,558,"['Isaiah Ford', 'FordIs00']",MIA,,22,1,0,0,0,0,0,0,0,0,,0,1,0,0,,0,0,0,0,,,,,,,,210,
558,559,"['Daurice Fountain', 'FounDa00']",IND,,23,1,0,0,0,0,0,0,0,0,,0,0,0,0,,0,0,0,0,,,,,,,,215,
559,560,"['Mose Frazier', 'FrazMo00']",CAR,,25,1,0,0,0,0,0,0,0,0,,0,0,0,0,,0,0,0,0,,,,,,,,226,
560,561,"['Rico Gafford', 'GaffRi00']",OAK,,22,1,0,0,0,0,0,0,0,0,,0,0,0,0,,0,0,0,0,,,,,,,,237,
561,562,"['C.J. Goodwin', 'GoodC.00']",DAL,,28,3,0,0,0,0,0,0,0,0,,0,0,0,0,,0,0,0,0,,,,,,,,211,
562,563,"['Janarion Grant', 'GranJa01']",BAL,,25,2,0,0,0,0,0,0,0,0,,0,0,0,0,,0,2,0,0,,,,,,,,220,
563,564,"['Garrett Griffin', 'GrifGa00']",NOR,,24,0,0,0,0,0,0,0,0,0,,0,0,0,0,,0,0,0,0,,,,,,,,121,
564,565,"['Clark Harris', 'HarrCl20']",CIN,,34,16,0,0,0,0,0,0,0,0,,0,0,0,0,,0,0,0,0,,,,,,,,124,
565,566,"['Temarrick Hemingway', 'HemiTe00']",DEN,,25,5,0,0,0,0,0,0,0,0,,0,0,0,0,,0,0,0,0,,,,,,,,127,
566,567,"[""De'Angelo Henderson"", 'HendDe01']",NYJ,RB,26,3,0,0,0,0,0,0,2,19,9.5,0,0,0,0,,0,1,1,0,,,,-0.1,0.9,-0.1,,165,
567,568,"['Quadree Henderson', 'HendQu00']",NYG,,22,5,0,0,0,0,0,0,0,0,,0,0,0,0,,0,0,0,0,,,,,,,,238,
568,569,"['Hunter Henry', 'HenrHu00']",LAC,,24,0,0,0,0,0,0,0,0,0,,0,0,0,0,,0,0,0,0,,,,,,,,119,
569,570,"['Darrius Heyward-Bey', 'HeywDa00']",PIT,WR,31,14,2,0,0,0,0,0,1,-7,-7.0,0,2,1,9,9.0,0,0,0,0,,,,1.2,1.2,0.7,,206,
570,571,"['Gabe Holmes', 'HolmGa00']",ARI,,27,8,4,0,0,0,0,0,0,0,,0,0,0,0,,0,0,0,0,,,,,,,,128,
571,572,"['Johnny Holton', 'HoltJo00']",OAK,,27,1,0,0,0,0,0,0,0,0,,0,1,0,0,,0,0,0,0,,,,,,,,212,
572,573,"['Buddy Howell', 'HoweBu00']",HOU,,22,4,0,0,0,0,0,0,0,0,,0,0,0,0,,0,0,0,0,,,,,,,,164,
573,574,"['Gregory Howell', 'HoweGr00']",HOU,,22,15,0,0,0,0,0,0,0,0,,0,0,0,0,,0,0,0,0,,,,,,,,155,
574,575,"['Chad Kelly', 'KellCh00']",DEN,QB,24,1,0,0,0,0,0,0,1,-1,-1.0,0,0,0,0,,0,0,0,0,,,,-0.1,-0.1,-0.1,,69,
575,576,"['Ben Koyack', 'KoyaBe00']",JAX,,25,7,2,0,0,0,0,0,0,0,,0,0,0,0,,0,0,0,0,,,,,,,,133,
576,577,"['Chris Lacy', 'LacyCh00']",DET,,22,1,0,0,0,0,0,0,0,0,,0,1,0,0,,0,0,0,0,,,,,,,,239,
577,578,"['Lance Lenoir', 'LenoLa00']",DAL,,23,7,0,0,0,0,0,0,0,0,,0,0,0,0,,0,0,0,0,,,,,,,,232,
578,579,"['Tony Lippett', 'LippTo00']",NYG,,26,3,0,0,0,0,0,0,0,0,,0,0,0,0,,0,0,0,0,,,,,,,,228,
579,580,"['Sean Mannion', 'MannSe00']",LAR,QB,26,3,0,2,3,23,0,0,7,-9,-1.29,0,0,0,0,,0,0,0,0,,,,,,,,67,
580,581,"['Bradley Marquez', 'MarqBr00']",DET,,26,1,0,0,0,0,0,0,0,0,,0,0,0,0,,0,0,0,0,,,,,,,,229,
581,582,"['Freddie Martino', 'MartFr00']",TAM,,27,4,0,0,0,0,0,0,0,0,,0,1,0,0,,0,0,0,0,,,,,,,,216,
582,583,"['A.J. McCarron', 'McCaA.00']",OAK,QB,28,2,0,1,3,8,0,0,3,-2,-0.67,0,0,0,0,,0,1,0,0,,,,0.1,0.1,0.1,,65,
583,584,"['Max McCaffrey', 'McCaMa01']",SFO,,24,1,0,0,0,0,0,0,0,0,,0,0,0,0,,0,0,0,0,,,,,,,,240,
584,585,"['Tanner McEvoy', 'McEvTa01']",MIA,,25,2,0,0,0,0,0,0,0,0,,0,0,0,0,,0,0,0,0,,,,,,,,207,
585,586,"['Jaydon Mickens', 'MickJa01']",JAX,,24,6,0,0,0,0,0,0,0,0,,0,0,0,0,,0,1,0,0,,,,,,,,208,
586,587,"['Steven Mitchell', 'MitcSt02']",HOU,,24,1,0,0,0,0,0,0,0,0,,0,0,0,0,,0,0,0,0,,,,,,,,219,
587,588,"['Dare Ogunbowale', 'OgunDa00']",TAM,,24,2,0,0,0,0,0,0,0,0,,0,0,0,0,,0,0,0,0,,,,,,,,159,
588,589,"['Senorise Perry', 'PerrSe00']",MIA,,27,16,0,0,0,0,0,0,0,0,,0,0,0,0,,0,0,0,0,,,,,,,,163,
589,590,"['Thomas Rawls', 'RawlTh00']",CIN,,25,1,0,0,0,0,0,0,0,0,,0,0,0,0,,0,0,0,0,,,,,,,,156,
590,591,"['Keenan Reynolds', 'ReynKe00']",SEA,,25,2,0,0,0,0,0,0,0,0,,0,0,0,0,,0,0,0,0,,,,,,,,160,
591,592,"['Cooper Rush', 'RushCo00']",DAL,,25,1,0,0,0,0,0,0,0,0,,0,0,0,0,,0,0,0,0,,,,,,,,68,
592,593,"['Alonzo Russell', 'RussAl01']",NYG,,26,1,0,0,0,0,0,0,0,0,,0,0,0,0,,0,0,0,0,,,,,,,,221,
593,594,"['Mark Sanchez', 'SancMa00']",WAS,QB,32,2,1,19,35,138,0,3,1,8,8.0,0,0,0,0,,0,1,0,0,,,,0.3,3.3,3.3,,64,
594,595,"['Matt Schaub', 'SchaMa00']",ATL,QB,37,3,0,5,7,20,0,0,1,0,0.0,0,1,1,-7,-7.0,0,1,0,0,,,,1.1,1.1,0.6,,66,
595,596,"['Mason Schreck', 'SchrMa00']",CIN,,25,6,0,0,0,0,0,0,0,0,,0,0,0,0,,0,0,0,0,,,,,,,,134,
596,597,"['Boston Scott', 'ScotBo02']",PHI,,23,2,0,0,0,0,0,0,0,0,,0,0,0,0,,0,0,0,0,,,,,,,,157,
597,598,"[""Da'Mari Scott"", 'ScotDa02']",BUF,,23,3,0,0,0,0,0,0,0,0,,0,0,0,0,,0,0,0,0,,,,,,,,218,
598,599,"['Cam Sims', 'SimsCa00']",WAS,,22,1,0,0,0,0,0,0,0,0,,0,0,0,0,,0,0,0,0,,,,,,,,233,
599,600,"['Matthew Slater', 'SlatMa00']",NWE,,33,16,0,0,0,0,0,0,0,0,,0,0,0,0,,0,0,0,0,,,,,,,,213,
600,601,"['Nate Solder', 'SoldNa00']",NYG,,30,16,16,0,0,0,0,0,0,0,,0,0,0,0,,0,0,0,0,,,,,,,,131,
601,602,"['Brandon Tate', 'TateBr00']",NOR,,31,1,0,0,0,0,0,0,0,0,,0,0,0,0,,0,1,0,0,,,,,,,,209,
602,603,"['Mike Thomas', 'ThomMi04']",LAR,,24,1,0,0,0,0,0,0,0,0,,0,0,0,0,,0,0,0,0,,,,,,,,235,
603,604,"['Danny Vitale', 'VitaDa00']",GNB,RB,25,5,0,0,0,0,0,0,0,0,,0,2,1,2,2.0,0,0,0,0,,,,1.2,1.2,0.7,,152,
604,605,"['Clive Walford', 'WalfCl00']",NYJ,,27,1,1,0,0,0,0,0,0,0,,0,0,0,0,,0,0,0,0,,,,,,,,135,
605,606,"['Mike Wallace', 'WallMi00']",PHI,,32,2,2,0,0,0,0,0,0,0,,0,3,0,0,,0,0,0,0,,,,,,,,234,
606,607,"['Brandon Weeden', 'WeedBr00']",HOU,QB,35,1,0,0,0,0,0,0,1,-1,-1.0,0,0,0,0,,0,0,0,0,,,,-0.1,-0.1,-0.1,,70,
607,608,"['Markus Wheaton', 'WheaMa00']",PHI,,27,1,0,0,0,0,0,0,0,0,,0,0,0,0,,0,0,0,0,,,,,,,,217,
608,609,"['Cole Wick', 'WickCo00']",SFO,,25,5,0,0,0,0,0,0,0,0,,0,1,0,0,,0,0,0,0,,,,,,,,126,
609,610,"['Jonathan Williams', 'WillJo07']",NOR,RB,24,3,0,0,0,0,0,0,3,0,0.0,0,1,1,1,1.0,0,0,0,0,,,,1.1,1.1,0.6,,153,
610,611,"['Deon Yelder', 'YeldDe00']",KAN,,23,3,0,0,0,0,0,0,0,0,,0,0,0,0,,0,0,0,0,,,,,,,,123,
611,612,"['Jacoby Brissett', 'BrisJa00']",IND,QB,26,4,0,2,4,2,0,0,7,-7,-1.0,0,0,0,0,,0,0,0,0,,,-1.0,-0.6,-0.6,-0.6,,72,
612,613,"['Brian Hoyer', 'HoyeBr00']",NWE,QB,33,5,0,1,2,7,0,0,11,-8,-0.73,0,0,0,0,,0,0,0,0,,,-1.0,-0.5,-0.5,-0.5,,71,
613,614,"[""J'Mon Moore"", 'MoorJM00']",GNB,WR,23,12,0,0,0,0,0,0,0,0,,0,3,2,15,7.5,0,1,1,0,,,-1.0,1.5,2.5,0.5,,241,
614,615,"['Geno Smith', 'SmitGe00']",LAC,QB,28,5,0,1,4,8,0,0,8,2,0.25,0,0,0,0,,0,1,1,0,,,-1.0,-1.5,-0.5,-1.5,,73,
615,616,"['Rod Streater', 'StreRo00']",CLE,WR,30,3,0,0,0,0,0,0,1,-11,-11.0,0,0,0,0,,0,0,0,0,,,-1.0,-1.1,-1.1,-1.1,,242,
616,617,"['Robert Turbin', 'TurbRo00']",IND,RB,29,2,0,0,0,0,0,0,4,10,2.5,0,2,1,3,3.0,0,1,1,0,,,-1.0,0.3,1.3,-0.2,,166,
617,618,"['Kaelin Clay', 'ClayKa00']",NYG,,26,2,0,0,0,0,0,0,0,0,,0,0,0,0,,0,1,1,0,,,-2.0,-2.0,-1.0,-2.0,,245,
618,619,"['JJ Jones', 'JoneJJ00']",2TM,WR,26,4,0,0,0,0,0,0,1,0,0.0,0,1,1,3,3.0,0,2,1,0,,,-2.0,-0.7,0.3,-1.2,,243,
619,620,"['Kyle Lauletta', 'LaulKy00']",NYG,QB,23,2,0,0,5,0,0,1,1,-2,-2.0,0,0,0,0,,0,0,0,0,,,-2.0,-2.2,-1.2,-1.2,,74,
620,621,"['Riley McCarron', 'McCaRi00']",NWE,,25,1,0,0,0,0,0,0,0,0,,0,1,0,0,,0,1,1,0,,,-2.0,-2.0,-1.0,-2.0,,244,
621,622,"['Jojo Natson', 'NatsJo00']",LAR,,24,13,0,0,0,0,0,0,0,0,,0,0,0,0,,0,2,1,0,,,-2.0,-2.0,-1.0,-2.0,,246,
